date,person,place,source
,_subject,"US, TN, College Grove",Y1934/1002
,_subject,"RO, ,",Y1936/1001
1921-11-24,_subject,"US, TX, Burkburnett",Y1940/1002
1858,_subject,"US, IN, Cambridge City",Y1941/1003
,_subject,"US, PA, Newport",Y1942/1002
1881-05-31,_subject,"US, IL, Morrisonville",Y1943/1002
,_subject,"US, PA, Danville",Y1947/1002
,_subject,"US, MA, Cambridge",Y1948/1001
1882,_subject,,Y1949/1001
1885-08-02,_subject,"US, IL, Paris",Y1950/1002
,_subject,"US, TN, Memphis",Y1950/1003
1924-02-22,_subject,"US, MO, Joplin",Y1951/1001
,_subject,"US, OH, Walnut Creek",Y1954/1002
1887-08-23,_subject,"US, TN, Joelton",Y1956/1001
1869-12-12,_subject,"US, PA, Danville",Y1958/1003
1928-10-19,_subject,"US, KY, Covington",Y1958/1004
1873-02-13,_subject,"US, PA, Llewellyn",Y1959/1001
1883-08-22,_subject,"US, OH, Waterloo",Y1960/1001
1901,_subject,,Y1960/1002
1923-09-19,_subject,,Y1961/1003
1882-02-18,_subject,,Y1961/1005
1886-12-24,_subject,"US, TX, Corsicana",Y1963/1001
1907-09-09,_subject,"US, KS, De Kalb",Y1964/1001
1924-08-17,_subject,"US, PA, Clearfield",Y1964/1002
,_subject,"US, AR, Blufton",Y1964/1003
1900-07-19,_subject,"US, UT, Salt Lake City",Y1965/1001
1905-12-17,_subject,"US, TX, Claude",Y1965/1002
1894-11-30,_subject,"US, NC, Rowan County",Y1967/1002
1890-01-18,_subject,"US, IL, Gillespie",Y1967/1004
,_subject,"CA, QC, Saint-Joseph-de-Sorel",Y1968/1001
,_subject,"US, AZ, Phoenix",Y1968/1003
1925-11-15,_subject,"US, WI, Tilleda",Y1970/1001
1899-02-23,_subject,,Y1971/1002
1884-02-12,_subject,"US, KY, Louisville",Y1971/1003
1907-04-17,_subject,"US, MS, Hazlehurst",Y1973/1001
,_subject,"US, WV, Auburn",Y1973/1002
,_subject,"US, PA, Connellsville",Y1974/1001
,_subject,"US, OK, Shawnee",Y1974/1002
1899-09-03,_subject,"US, OH, Athens County",Y1975/1001
,_subject,"US, NY, Waterford",Y1975/1002
1925-03-06,_subject,"US, PA, McKean Township",Y1976/1001
,_subject,"US, NC, Moore County",Y1976/1002
1893-02-01,_subject,"US, IL, Freeport",Y1977/1001
,_subject,"US, GA, Athens",Y1977/1002
,_subject,"US, MO, Burlington Junction",Y1977/1005
1901-06-29,_subject,"US, PA, Kane",Y1978/1001
1913-04-13,_subject,"US, NY, Rochester",Y1978/1002
1891-05-17,_subject,"US, TX, Gonzales",Y1979/1002
,_subject,"US, PA, Footedale",Y1979/1003
1945-07-28,_subject,"US, MI, Detroit",Y1979/1004
,_subject,"US, NY, Yonkers",Y1979/1005
,_subject,"US, SC, Williamsburg County",Y1980/1001
1921-01-04,_subject,"US, IL, Streator",Y1982/1001
,_subject,"US, IL, Chicago",Y1982/1002
,_subject,"US, RI, Woonsocket",Y1984/1001
,_subject,"US, RI, Providence",Y1984/1002
,_subject,"US, PA, Lansford",Y1985/1001
,_subject,"US, CT, Waterbury",Y1985/1002
,_subject,"US, OK,",Y1985/1003
1905-02-07,_subject,"US, PA, Beech Creek",Y1986/1001
1926-02-18,_subject,"US, CA, Colton",Y1987/1001
,_subject,"US, KS,",Y1987/1002
1901-08-10,_subject,"US, NY, Buffalo",Y1991/1001
,_subject,"US, PA, Hazleton",Y1992/1001
,_subject,"US, MA, Northbridge",Y1992/1002
1926-07-05,_subject,"US, MA,",Y1993/1001
1914-08-01,_subject,"US, MN, Minneapolis",Y1993/1002
1955-06-15,_subject,,Y1993/1003
1935-07-29,_subject,"US, SC, Cherokee Falls",Y1993/1004
1916-10-17,_subject,"US, PA, Boswell",Y1993/1005
1897-05-30,_subject,"US, IL, Mt. Olive",Y1993/1006
1921-05-30,_subject,"US, TX, Galveston",Y1994/1001
1919-02-27,_subject,,Y1994/1002
1905-09-11,_subject,"US, PA, Philadelphia",Y1994/1003
1915-01-16,_subject,"US, NC, Taylorsville",Y1994/1004
1942-08-04,_subject,"US, MA, Fitchburg",Y1994/1005
1928-08-05,_subject,"US, OH, Cleveland",Y1994/1006
1920-08-24,_subject,,Y1994/1007
1916-11-13,_subject,"US, NC, Kings Mountain",Y1995/1001
1913-05-15,_subject,"US, WI, Blair",Y1995/1002
1916-12-11,_subject,"US, OH, Cleveland",Y1995/1003
1928-12-04,_subject,"US, NY, Glendale",Y1995/1004
1934-01-17,_subject,"US, NY, Queens",Y1995/1005
1926-03-29,_subject,"US, WI, La Crosse",Y1995/1006
1921-03-09,_subject,"US, LA, Metairie",Y1995/1007
1926-06-29,_subject,"US, PA, Pittsburgh",Y1995/1008
1922-04-09,_subject,,Y1995/1009
1923-09-19,_subject,"US, KY,",Y1996/1001
1921-03-12,_subject,"US, OH, North Olmsted",Y1996/1002
1925-03-27,_subject,"US, WV, Sandstone",Y1996/1003
1922-07-10,_subject,"US, AL, Mobile",Y1996/1004
1913-05-02,_subject,"US, CA, Jackson",Y1996/1005
1936-06-01,_subject,"US, PA, Hegins",Y1996/1006
1907-11-29,_subject,,Y1996/1007
1918-08-09,_subject,"US, NY, Buffalo",Y1996/1008
1932-06-08,_subject,,Y1996/1009
,_subject,"US, PA, Forest City",Y1996/1011
1914-02-17,_subject,"US, FL, Milton",Y1997/1001
1930-11-16,_subject,,Y1997/1002
1933-01-29,_subject,"US, TX, Dripping Springs",Y1997/1003
1931-07-05,_subject,"US, IL, Chicago",Y1997/1004
1917-04-05,_subject,,Y1997/1005
1916-05-30,_subject,"US, AZ,",Y1997/1006
1922-12-22,_subject,"US, CA, San Diego",Y1997/1007
1921-07-15,_subject,"US, NY, New York",Y1997/1008
1929-08-05,_subject,"US, Al, Selma",Y1998/1001
1927-03-16,_subject,"US, OH, Cleveland",Y1998/1002
1929-02-03,_subject,"US, OH, Akron",Y1998/1003
1917-02-24,_subject,"US, CT, Granby",Y1998/1004
1931-03-11,_subject,"US, TX, Clarksville",Y1998/1005
1935-09-24,_subject,,Y1998/1006
1927-03-22,_subject,"US, NJ, Jersey City",Y1998/1007
1917-04-23,_subject,"US, MA, Holyoke",Y1998/1008
1922-10-11,_subject,,Y1998/1009
1918-05-15,_subject,"US, MO, Archie",Y1998/1010
,_subject,"US, NJ, Swedesboro",Y1998/1011
1916-11-14,_subject,,Y1999/1001
1905-01-04,_subject,,Y1999/1002
,_subject,"US, SC, Pacolet Mills",Y1999/1003
1911-06-05,_subject,"US, TX, Fort Worth",Y1999/1004
1919-10-27,_subject,"US, NJ, West Paterson",Y1999/1007
1925-11-10,_subject,"US, PA, Farrell",Y2000/1001
1922-02-01,_subject,"US, MI",Y2001/1001
1937-01-07,_subject,"US, MO, Louisiana",Y2001/1002
1914-06-02,_subject,"US, RI, East Providence",Y2001/1003
1916-03-17,_subject,"US, CA, Oakland",Y2002/1001
,_subject,"US, RI, Providence",Y2002/1002
,_subject,"US, KY, Jenkins",Y2002/1004
1957-10-12,_subject,,Y2002/1005
1929,_subject,"US, MO, Kansas City",Y2003/1001
,_subject,"US, TX, Marshall",Y2003/1002
1918-09-14,_subject,"US, CT, New London",Y2003/1003
1922-08-13,_subject,"US, DC, Washington",Y2003/1004
1954-08-14,_subject,,Y2004/1003
1960-06-02,_subject,,Y2005/1001
1935-02-19,_subject,"US, CT, Putnam",Y2005/1003
1956-12-01,_subject,"US, MN, St. Paul",Y2006/1001
1923-04-16,_subject,"US, IL, Rockford",Y2006/1003
1922-08-17,_subject,"US, KS, Elmo",Y2006/1004
1927-04-09,_subject,,Y2006/1005
1929-12-03,_subject,"US, CA, Orange",Y2006/1006
1915-03-13,_subject,"RS, Golubac, Ponikve",Y2007/1001
1923-01-25,_subject,"US, IL, Spring Valley",Y2007/1002
1925-12-16,_subject,,Y2009/1002
1924-08-27,_subject,"US, MO, St. Louis",Y2009/1003
1958-09-11,_subject,"US, IL, Springfield",Y2010/1001
1932-06-06,_subject,"MX, Tamaulipas, Nuevo Laredo",Y2010/1002
,_subject,"US, WI, Slinger",Y2011/1010
1924-06-04,_subject,"US, KY, Jefferson County",Y2011/1011
1927-12-02,_subject,"US, IA, Cedar Rapids",Y2011/1012
1937-08-29,_subject,"US, NJ, Montclair",Y2011/1013
1937-03-12,_subject,,Y2011/1014
1932-10-16,_subject,"US, IL, Streator",Y2011/1015
1928-11-09,_subject,"US, OH, Otway",Y2012/1002
1937,_subject,,Y2012/1003
1926-01-01,_subject,"US, OR, Portland",Y2013/1001
1919,_subject,"US, CA, Los Angeles",Y2013/1002
1920-08-25,_subject,"US, IN, Elkhart",Y2013/1003
1926-10-14,_subject,"US, NY, Brooklyn",Y2013/1004
1926-05-14,_subject,"US, NY, Bronx",Y2013/1005
1928-06-18,_subject,,Y2013/1006
1944-04-20,_subject,,Y2013/1007
1940-01-01,_subject,"US, MO, Dutzow",Y2013/1008
1936-05-23,_subject,,Y2013/1009
1927-11-17,_subject,,Y2013/1011
1933-12-19,_subject,"US, ND, Stanley",Y2014/1001
1917,_subject,"US, PA, Lehighton",Y2014/1002
1921-10-17,_subject,"US, TX, Dallas",Y2014/1003
1930-11-04,_subject,"US, IL, Venedy",Y2014/1004
1927-02-04,_subject,"US, MI, Mount Pleasant",Y2014/1005
1958-05-10,_subject,"US, GA, Newnan",Y2014/1007
1929-07-01,_subject,"US, MO, Cossville",Y2014/1008
1938-01-31,_subject,"US, OH, Toledo",Y2014/1009
1922-07-26,_subject,"US, NC, Monroe",Y2014/1010
1927-10-15,_subject,"US, TX, Alice",Y2014/1011
1928-02-16,_subject,"US, OK, Ada",Y2014/1012
1924-06-27,_subject,"US, PA, Shamokin",Y2014/1013
,_subject,"US, MA, Milford",Y2014/1014
1921-12-17,_subject,"US, CT, Bridgeport",Y2014/1015
1945-12-08,_subject,"US, ME, Sanford",Y2014/1016
1931-07-08,_subject,,Y2014/1017
1911-04-25,_subject,"CU, Villa Clara, Sagua La Grande",Y2014/1018
1929-08-25,_subject,"US, IN, Hartford City",Y2014/1020
,_subject,"US, PA, Scranton",Y2014/1021
1919-10-06,_subject,"US, NJ, Long Branch",Y2014/1022
1923-08-28,_subject,"US, IN, Evansville",Y2014/1023
1927-07-30,_subject,"US, CA, San Francisco",Y2014/1024
1967-10-28,_subject,"US, IL, Carbondale",Y2014/1025
1924-06-11,_subject,"US, AR, Greenbrier",Y2014/1026
1943-12-01,_subject,"US, CT, Hartford",Y2014/1027
1918-04-16,_subject,"US, IL, Rockford",Y2014/1029
1930-11-18,_subject,,Y2014/1030
1935-09-16,_subject,"US, CA, Bakersfield",Y2014/1031
1977-08-31,_subject,"US, MO, St. Louis",Y2014/1032
1933-08-23,_subject,"US, MD, Smithville",Y2014/1033
1931-06-01,_subject,"US, AR, Barling",Y2014/1034
,_subject,"US, CA Stockton",Y2014/1035
1927,_subject,"US, IL, Chicago",Y2014/1036
1917-12-27,_subject,"US, WI, Blair",Y2014/1038
1950-12-01,_subject,"US, WV, Mill Creek",Y2014/1039
1939-03-07,_subject,"US, NC, Yadkin County",Y2014/1040
1916,_subject,"US, TX, Austin",Y2014/1041
1932-07-22,_subject,"US, LA, Shreveport",Y2014/1042
1946-08-16,_subject,"US, FL, Pensacola",Y2014/1043
1924-12-03,_subject,"US, PA, Scranton",Y2014/1045
1938-05-22,_subject,,Y2014/1046
1924-11-23,_subject,"US, MA, Boston",Y2014/1047
1927-03-23,_subject,,Y2014/1048
1963-01-08,_subject,,Y2014/1049
1931-08-28,_subject,"US, MA, Haverhill",Y2014/1050
1921-07-18,_subject,"US, NJ, East Orange",Y2014/1051
1925-05-28,_subject,"US, GA, Lilburn",Y2014/1052
1922-12-01,_subject,"US, MI, Detroit",Y2014/1053
1933-04-04,_subject,"US, MO, Osage County",Y2014/1055
1924-05-07,_subject,"US, PA, Nanticoke",Y2014/1056
1923-12-18,_subject,"US, NY, Mohawk",Y2014/1057
1929-03-27,_subject,"US, NY, Buffalo",Y2014/1058
1929,_subject,"CA, NS, New Waterford",Y2014/1059
1933-05-05,_subject,"US, DE, Georgetown",Y2014/1060
1940-08-16,_subject,"MX, Coahuila, Torreon",Y2014/1061
1934-12-17,_subject,"US, MS, Meridian",Y2014/1062
1932-07-04,_subject,,Y2014/1063
1937-09-23,_subject,,Y2014/1064
1919-04-04,_subject,"US, ME, Corea",Y2014/1065
1940-09-18,_subject,"US, MO, Putnam County",Y2014/1066
1925-06-14,_subject,"US, AK, Barling",Y2014/1067
1928-06-15,_subject,"US, NC, Cliffside",Y2014/1069
1923-10-24,_subject,"US, OH, Zanesville",Y2014/1071
1930-01-18,_subject,,Y2014/1072
1916-04-15,_subject,,Y2014/1073
1920-05-22,_subject,"US, GA, Norcross",Y2014/1074
1923-03-26,_subject,"US, VA, Goodwins Ferry",Y2014/1075
1946-02-15,_subject,"US, PA, South Williamsport",Y2014/1076
1930-05-05,_subject,"US, NJ, Rockaway",Y2014/1077
1952-12-15,_subject,,Y2014/1078
1931-09-21,_subject,"US, MI, Pointe Aux Barques Township",Y2014/1079
1923-11-15,_subject,,Y2014/1080
1928-07-07,_subject,"US, WI, Waukesha",Y2014/1081
1937,_subject,"US, CA, Redding",Y2014/1082
1930-12-29,_subject,"US, NC, Smithfield",Y2014/1083
1926-11-27,_subject,"US, MS, Paden",Y2014/1084
1936-03-29,_subject,"US, OK, Tipton",Y2014/1085
1928-10-30,_subject,"US, MA, Worcester",Y2014/1086
1924-09-26,_subject,"US, AZ, Douglas",Y2014/1087
1927-10-29,_subject,"US, PA, Philadelphia",Y2014/1088
1927-03-26,_subject,"US, WI, Kenosha",Y2014/1089
1964-12-14,_subject,"US, CA, Palo Alto",Y2014/1090
1925-01-01,_subject,"US, MI, Grosse Pointe",Y2014/1091
1933-06-06,_subject,"US, NV, Ely",Y2014/1093
1921-12-09,_subject,"US, PA, Philadelphia",Y2014/1094
1953-09-12,_subject,"US, ND, Williston",Y2014/1095
1934-11-19,_subject,"US, PA, Philadelphia",Y2014/1096
1952-02-19,_subject,"US, WA, Seattle",Y2014/1097
1982-06-08,_subject,"US, OH, Steubenville",Y2014/1098
1921-11-18,_subject,"US, OK, Nardin",Y2014/1099
1930-11-18,_subject,"US, OK, Ardmore",Y2014/1100
1932-10-08,_subject,"DO, , Santiago",Y2014/1102
,_subject,"US, PA, Philadelphia",Y2014/1103
1924-04-01,_subject,"US, ND, Oakes",Y2014/1104
1933,_subject,,Y2014/1108
1930-08-28,_subject,,Y2014/1109
,_subject,"US, AR, Paris",Y2014/1111
1928-10-12,_subject,"DO, San Pedro de Macoris, Consuelo",Y2014/1112
,_subject,"US, NY, Brooklyn",Y2014/1113
1961-02-19,_subject,,Y2014/1115
1947-08-06,_subject,"US, IA, Burlington",Y2014/1116
1941-10-30,_subject,"MX, Jalisco, San Miguel el Alto",Y2014/1117
1924-03-14,_subject,"US, TX, Olney",Y2014/1119
1928-04-18,_subject,"CA, SK, Woodrow",Y2014/1120
1944-01-06,_subject,"US, NY, New York",Y2014/1121
1921-09-14,_subject,"US, AL, Woodward",Y2014/1122
1929-07-29,_subject,,Y2014/1123
1928-07-12,_subject,"CA, ON, Kitchener",Y2014/1124
1927-10-25,_subject,"US, TN, Etowah",Y2014/1126
1926-08-01,_subject,"US, MA, Quincy",Y2014/1127
1922-12-15,_subject,"US, NJ, Trenton",Y2014/1128
1934-02-17,_subject,"US, CT, Chester",Y2014/1129
1943-07-26,_subject,,Y2014/1130
1929-01-22,_subject,"US, MI, Ann Arbor",Y2014/1131
1952-11-25,_subject,"US, PA, St. Marys",Y2014/1132
1925-07-09,_subject,"CU, Pinar del Rio, San Juan y Martinez",Y2014/1133
1922-08-08,_subject,"US, OK, Drumright",Y2014/1134
1928,_subject,"US, OH, Port Clinton",Y2014/1136
1918-03-05,_subject,"US, FL, Tampa",Y2014/1137
1925-12-11,_subject,"US, RI, Providence",Y2015/1001
1931-04-14,_subject,"US, TX, Greenville",Y2015/1002
1933-05-02,_subject,"US, CA, Stockton",Y2015/1003
1929-10-27,_subject,"US, IL, Grayville",Y2015/1004
1949-12-30,_subject,"US, MT, Hamilton",Y2015/1005
1929-11-29,_subject,"US, IL, Carmi",Y2015/1006
1928-03-27,_subject,"US, PA, Wilkes-Barre",Y2015/1007
1964-12-05,_subject,"US, LA, Baton Rouge",Y2015/1008
,_subject,"US, PA, Wilson Borough",Y2015/1010
1940-11-01,_subject,"US, WI, Kenosha",Y2015/1011
1933-01-24,_subject,"US, CT, Bridgeport",Y2015/1012
1935-04-28,_subject,"US, PA, Pittsburgh",Y2015/1013
1930-04-04,_subject,"US, OH, Barberton",Y2015/1014
1945-12-25,_subject,"US, AL, Foley",Y2015/1015
1925-05-16,_subject,,Y2015/1016
1931,_subject,,Y2015/1017
1939-05-24,_subject,,Y2015/1019
,_subject,"US, NY, Staten Island",Y2015/1020
1984-08-10,_subject,"US, SC, Charleston",Y2015/1021
1937-02-22,_subject,"US, CA, Los Angeles",Y2015/1022
1929,_subject,"US, PA, Oil City",Y2015/1023
1928-03-03,_subject,"US, MO, Millwood",Y2015/1024
1936-07-30,_subject,"US, MI, Battle Creek",Y2015/1025
1928-07-21,_subject,,Y2015/1026
,_subject,"US, NJ, South Amboy",Y2015/1027
1926-05-31,_subject,,Y2015/1028
1928-06-17,_subject,"US, WI, Appleton",Y2015/1029
1939-12-06,_subject,"US, TX, Houston",Y2015/1030
1929-01-15,_subject,"US, PA, Logstown",Y2015/1031
1939-05-08,_subject,"US, MI, Royal Oak",Y2015/1032
1928-01-02,_subject,"US, VA, Henry County",Y2015/1033
1959-03-28,_subject,"US, OH, Hamilton",Y2015/1034
1919-10-01,_subject,"US, NY, Seneca Falls",Y2015/1035
1930-03-27,_subject,"US, MI, Highland Park",Y2015/1036
,_subject,"US, RI, Providence",Y2015/1037
1922-12-20,_subject,,Y2015/1038
1928-09-12,_subject,"US, PA, New Castle",Y2015/1040
1925-02-14,_subject,"US, AL, Birmingham",Y2015/1041
1932-04-13,_subject,"US, NY, Wellsville",Y2015/1042
1924-04-03,_subject,"US, GA, Atlanta",Y2015/1043
1924-02-10,_subject,"US, SC, Red Bank",Y2015/1044
1925-09-02,_subject,"US, IN, Washington",Y2015/1045
1929-03-23,_subject,"US, CT, Bristol",Y2015/1046
,_subject,"US, PA, Wilkes-Barre",Y2015/1047
1932-08-27,_subject,"US, ME, Hartland",Y2015/1048
1924-07-12,_subject,"US, IA, Eddyville",Y2015/1049
1922-11-15,_subject,"US, IA, Lowden",Y2015/1050
1960-01-28,_subject,"US, SC, Hartsville",Y2015/1051
,_subject,"IT, ,",Y2015/1052
,_subject,"US, NY, Bronx",Y2015/1053
1923-04-23,_subject,"PT, Azores, Salao",Y2015/1054
1930-01-02,_subject,"US, CA, Elk Grove",Y2015/1055
1944-10-17,_subject,"MX, Tabasco, Centro",Y2015/1056
1963-08-07,_subject,,Y2015/1057
1927-12-05,_subject,,Y2015/1058
,_subject,"US, RI, Providence",Y2015/1059
1931-12-09,_subject,,Y2015/1061
1913-10-25,_subject,"US, IL, Chicago",Y2015/1062
,_subject,"US, OH, New Paris",Y2015/1063
1925-01-01,_subject,"US, ID, Wilder",Y2015/1064
1932-12-28,_subject,"US, IA, Des Moines",Y2015/1065
,_subject,"US, IA, Des Moines",Y2015/1066
1935-04-14,_subject,"US, OH, Marion",Y2015/1067
1919-11-20,_subject,"IT, Novara, Oleggio",Y2015/1068
1929-04-21,_subject,"US, MA, Waltham",Y2015/1070
1926-01-16,_subject,"US, CA, Los Angeles",Y2015/1071
1953-10-30,_subject,"US, OH, Cleveland",Y2015/1072
1926-06-18,_subject,"US, MA, Norwood",Y2015/1073
1927-04-02,_subject,,Y2015/1074
1922-11-01,_subject,"US, NC, Putnam",Y2015/1075
1932-07-01,_subject,"US, MA, Everett",Y2015/1076
1932-11-26,_subject,"US, NJ,",Y2015/1077
1925-03-17,_subject,"US, CA, Daly City",Y2015/1078
1928-10-13,_subject,"US, FL, Tampa",Y2015/1079
1927-07-14,_subject,,Y2015/1081
1934-05-21,_subject,,Y2015/1082
1962-02-23,_subject,,Y2015/1084
1933-03-11,_subject,"US, WA, Spokane",Y2015/1090
1948-02-20,_subject,"US, OH, Bedford",Y2015/1091
1922-10-08,_subject,"US, MA, Braintree",Y2015/1093
1929-01-03,_subject,"US, MN, Stillwater",Y2015/1094
1918-02-14,_subject,"US, NE, Warsaw",Y2015/1095
1929-07-15,_subject,"US, PA, Philadelphia",Y2015/1097
1931-03-18,_subject,,Y2015/1098
1929-03-10,_subject,"US, MO, Sedalia",Y2015/1099
1918-05-17,_subject,,Y2015/1100
1941-03-10,_subject,"US, MN, Minneapolis",Y2015/1101
1933-11-18,_subject,,Y2015/1102
1922-03-17,_subject,"US, TX, Roscoe",Y2015/1103
1923-01-24,_subject,,Y2015/1105
1921,_subject,,Y2015/1106
1994-07-27,_subject,"US, OH, Georgetown",Y2015/1107
1929-11-29,_subject,"US, TX, Lubbock",Y2015/1109
1924-07-15,_subject,"US, OH, Lima",Y2015/1110
1920-07-31,_subject,"US, MS, Columbus",Y2015/1111
1927-04-11,_subject,"US, IL, Libertyville",Y2015/1112
1927-09-03,_subject,"US, MI, Saginaw",Y2015/1116
1928-01-13,_subject,"US, NC, Anson County",Y2015/1117
1927,_subject,"US, PA, Paris",Y2015/1118
1928-10-14,_subject,"US, OH, Toledo",Y2015/1119
1925-05-01,_subject,"US, MN, Cottonwood",Y2015/1120
1924-02-26,_subject,,Y2015/1121
,_subject,"US, PA, East Stroudsburg",Y2015/1122
1925-09-04,_subject,"US, TX, Maypearl",Y2015/1123
1925-10-29,_subject,,Y2015/1124
1966-06-02,_subject,"US, FL, Miami",Y2015/1125
1926-04-15,_subject,"US, NE, Hastings",Y2015/1126
1949-04-30,_subject,,Y2015/1127
1929-10-06,_subject,"US, CA, San Francisco",Y2015/1129
1944-12-16,_subject,"US, TX, Santa Anna",Y2015/1130
1920-11-20,_subject,"US, RI, Providence",Y2015/1131
1936-08-15,_subject,"US, VA, Danville",Y2015/1133
1931-12-11,_subject,"US, IL, East St. Louis",Y2015/1134
1933-08-19,_subject,"US, PA, Mt. Jackson",Y2015/1135
1929-03-20,_subject,"US, VA, Norfolk",Y2015/1136
1928-03-09,_subject,"US, VT, Middlebury",Y2015/1137
1927-08-06,_subject,"US, LA, Shreveport",Y2015/1138
1929-09-19,_subject,"US, NC, Raeford",Y2015/1139
1921-03-04,_subject,"US, NY, Rochester",Y2015/1140
1933-08-01,_subject,"US, MI, Detroit",Y2015/1141
1933-07-08,_subject,"US, MA, Millville",Y2015/1142
1932-01-18,_subject,,Y2015/1143
1938-07-23,_subject,,Y2015/1144
,_subject,"DO, San Pedro de Macoris, San Pedro de Macoris",Y2015/1145
1929-11-19,_subject,,Y2015/1146
1922-03-22,_subject,"US, AL, Birmingham",Y2015/1147
1959-02-11,_subject,"US, CT, New Haven",Y2015/1148
1932-11-08,_subject,"US, NY, Ilion",Y2015/1149
1933-04-17,_subject,"US, WY, Sheridan",Y2015/1150
,_subject,"US, MD, Baltimore",Y2015/1152
1921-05-13,_subject,"US, MO, Edgerton",Y2015/1153
1927-01-31,_subject,"US, NC, Forsyth County",Y2015/1154
1929-07-03,_subject,,Y2015/1155
,_subject,"US, IN, Hammond",Y2015/1156
1928-07-13,_subject,"US, MI, Kalamazoo",Y2015/1157
1926,_subject,"US, NJ, Beverly",Y2015/1158
1926-10-23,_subject,"US, SC, Spartanburg County",Y2015/1159
1927-10-23,_subject,"US, NC, Greensboro",Y2015/1160
1941-01-18,_subject,"US, WV, Huntington",Y2015/1161
,_subject,"US, NJ, Bayonne",Y2015/1162
1934-10-21,_subject,"US, TX, Prosper",Y2015/1163
1941-11-25,_subject,"US, MS, Greenville",Y2015/1164
1948-08-30,_subject,"US, GA, Moultrie",Y2015/1165
1934-07-19,_subject,"US, MI, Bay City",Y2015/1167
1924-10-23,_subject,"US, OK, Dibble",Y2015/1168
1949-12-13,_subject,"US, DC, Washington",Y2015/1169
1944-01-05,_subject,"US, CT, Manchester",Y2015/1170
1933,_subject,"US, NJ, Passaic",Y2015/1171
1927-07-24,_subject,"US, MD, Baltimore",Y2015/1172
1942-07-04,_subject,"US, NJ, Passaic",Y2015/1173
1923-07-22,_subject,"US, PA, Philadelphia",Y2015/1174
1931-08-09,_subject,"US, WV, Pierce",Y2015/1175
1943-06-19,_subject,"US, MD, Baltimore",Y2015/1176
1945-04-20,_subject,"US, PA, Easton",Y2015/1177
1925,_subject,,Y2015/1178
1929-01-06,_subject,"US, MO, St. Louis",Y2015/1179
,_subject,"US, IL, Valmeyer",Y2015/1180
1931,_subject,,Y2015/1181
1934-08-31,_subject,"US, TX, Hallsville",Y2015/1182
,_subject,"US, MO, St. Louis",Y2015/1183
1929-09-24,_subject,"US, TX, Lavaca County",Y2015/1184
1944-05-09,_subject,"US, WA, Seattle",Y2015/1186
1943-03-03,_subject,"US, CA, Long Beach",Y2015/1187
1930-07-16,_subject,"CA, ON, Tehkummah",Y2015/1188
1928,_subject,,Y2015/1189
1928-03-17,_subject,"US, MI, Muskegon",Y2015/1190
1927-04-22,_subject,,Y2015/1191
,bill,"US, PA, Harrisburg",Y2015/1192
1940-11-06,_subject,"US, CA, Los Angeles",Y2015/1193
1927-04-26,_subject,"US, IL, Roxana",Y2015/1194
1928-10-06,_subject,"US, TX, Waco",Y2015/1195
1935-01-08,_subject,"US, NJ, Bloomfield",Y2015/1196
1931-08-15,_subject,"US, MD, Hagerstown",Y2015/1197
1920-12-08,_subject,"US, WI, White Oak Springs",Y2015/1198
1944-08-11,_subject,"US, PA, Lebanon",Y2015/1199
1935-07-29,_subject,"US, MD, Baltimore",Y2015/1200
1928-02-01,_subject,"US, TN, Knoxville",Y2015/1201
1930-11-20,_subject,,Y2015/1202
1958-10-23,_subject,,Y2015/1203
1932-04-15,_subject,"US, WI, Edgerton",Y2015/1204
1941-06-01,_subject,"US, OH, Wooster",Y2015/1205
1932-01-07,_subject,"US, NY, Brooklyn",Y2015/1207
1955-03-26,_subject,"US, NY, Little Falls",Y2015/1208
1942-05-05,_subject,"Us, MI, Tecumseh",Y2015/1209
1933-10-10,_subject,,Y2015/1210
1929-09-25,_subject,"US, GA, Cogdell",Y2015/1211
1954-01-23,_subject,,Y2015/1212
1921-11-20,_subject,"US, CA, Sacramento",Y2015/1214
1924-01-18,_subject,"MX, Veracruz, Veracruz",Y2015/1216
1931-03-03,_subject,"US, TX, Dallas",Y2015/1217
1925-04-06,_subject,"US, NY, Brooklyn",Y2015/1218
1930-08-08,_subject,,Y2015/1219
1950-10-03,_subject,"US, MD, Baltimore",Y2015/1220
1925-10-08,_subject,,Y2015/1221
,_subject,"US, IN, Indianapolis",Y2015/1222
1930-06-30,_subject,"US, AR, Louann",Y2015/1223
1927-12-03,_subject,"US, OH, Findlay",Y2015/1224
1926-01-13,_subject,"US, PA, Scranton",Y2015/1225
1945-01-24,_subject,"US, MA, Boston",Y2015/1226
1982-11-16,_subject,,Y2015/1227
1930-04-09,_subject,"US, MD, Centerville",Y2015/1228
1936-05-05,_subject,"US, NC, Monroe",Y2015/1229
1936-09-10,_subject,"US, WI, South Milwaukee",Y2015/1230
1927-12-29,_subject,"US, OH, Youngstown",Y2015/1231
1931-12-01,_subject,"US, KS, Hays",Y2015/1232
,charles,"US, NY, Staten Island",Y2015/1233
1928-04-06,_subject,"US, MO, St. Louis",Y2015/1234
1929-06-23,_subject,,Y2015/1235
1930-04-14,_subject,,Y2015/1236
,_subject,"US, CA, Sacramento",Y2015/1237
1929-04-03,_subject,"US, WI, Milwaukee",Y2015/1238
1940-10-02,_subject,"US, CA, Oakland",Y2015/1239
1928-02-23,_subject,"US, IN, Whiting",Y2015/1240
1941-10-03,_subject,,Y2015/1242
1926-01-26,_subject,"US, PA, New Kensington",Y2015/1243
1914-09-29,_subject,"US, MI, Ironwood",Y2015/1244
1930-02-25,_subject,"US, NY, Binghamton",Y2015/1245
1922-08-30,_subject,"US, WI, Potosi",Y2015/1246
,_subject,"US, MA, Milford",Y2015/1247
1928-12-08,_subject,"US, NC, Wake County",Y2015/1248
1933-07-26,_subject,"US, MO, St. Louis",Y2015/1249
1955-05-21,_subject,"US, OH, Columbus",Y2015/1250
1940,_subject,"PL, ,",Y2015/1251
1928-12-23,_subject,"US, IL, Metropolis",Y2015/1252
1958-01-07,_subject,"US, HI, Honolulu",Y2015/1253
1932-10-13,_subject,,Y2015/1254
1949,_subject,,Y2015/1255
1926-10-18,_subject,"US, WA, Tacoma",Y2015/1256
1930-04-05,_subject,,Y2015/1257
1926-06-23,_subject,"US, AL, Montgomery",Y2015/1258
1934-11-05,_subject,,Y2015/1259
1952-11-30,_subject,,Y2015/1260
,_subject,"US, NC, Reidsville",Y2015/1261
1929-05-14,_subject,"US, NY, Buffalo",Y2015/1262
1929-03-28,_subject,"US, CA, Visalia",Y2015/1263
1926,_subject,"US, NE, Omaha",Y2015/1265
1951-04-21,_subject,"US, CA, Montebello",Y2015/1266
1938-10-19,_subject,"US, MD, Havre de Grace",Y2015/1268
1926-10-30,_subject,"US, MA, Milton",Y2015/1269
1920-08-02,_subject,,Y2015/1271
1921-02-27,_subject,"US, NC, Transylvania County",Y2015/1272
1931-07-20,_subject,"US, WI, Custer",Y2015/1275
1923-10-04,_subject,"US, NC, Dallas",Y2015/1276
1930-10-14,_subject,"US, IL, Naples",Y2015/1277
1933-11-13,_subject,"US, NC, Charlotte",Y2015/1278
1919-11-08,_subject,"US, AR, Prattsville",Y2015/1280
1943-07-24,_subject,,Y2015/1281
1931-08-31,_subject,,Y2015/1282
1958-06-08,_subject,"DO, San Pedro de Macoris, San Pedro de Macoris",Y2015/1283
,_subject,"US, CT, Greenwich",Y2015/1284
1933-04-05,_subject,"US, TX, Fort Worth",Y2015/1285
1926-10-17,_subject,"US, CT, Norwich",Y2015/1286
1928-06-04,_subject,"US, NY, Harrison",Y2015/1287
1929-05-24,_subject,"US, SC, Greenville",Y2015/1288
1931-02-26,_subject,"US, PA, West Elizabeth",Y2015/1289
1932-02-10,_subject,"US, MI, Lansing",Y2015/1291
1933-06-16,_subject,"US, FL, West Palm Beach",Y2015/1292
1933-03-25,_subject,"US, PA, Duryea",Y2015/1295
1928-01-29,_subject,,Y2015/1296
1934-04-25,_subject,"US, MI, Detroit",Y2015/1297
1931-01-13,_subject,"US, IL, Milan",Y2015/1298
1923-11-16,_subject,"US, TX, Bernardo",Y2015/1299
1926-09-21,_subject,"US, MO, Scott City",Y2015/1300
1954-04-11,_subject,"US, VA, Clarksville",Y2015/1301
1947-01-03,_subject,"US, IL, Pekin",Y2015/1302
1931-09-05,_subject,"US, MI, Detroit",Y2015/1303
1937-08-31,_subject,"US, MI, Kalamazoo",Y2015/1304
1927-08-22,_subject,,Y2015/1305
1928-08-13,_subject,"US, PA, Duquesne",Y2015/1306
1925-11-04,_subject,"US, MA, Holyoke",Y2015/1307
1922-12-28,_subject,"US, PA, Punxsutawney",Y2015/1308
1936-07-27,_subject,"US, MA, Lawrence",Y2015/1309
1927-05-23,_subject,"US, IL, Chicago",Y2015/1310
1938-02-14,_subject,"US, TX, San Antonio",Y2015/1311
1935-03-10,_subject,"US, IN, Redkey",Y2015/1312
1935-09-25,_subject,"US, IL, Alton",Y2015/1313
1931-02-10,_subject,,Y2015/1314
1930-06-05,_subject,,Y2015/1315
1935-08-25,_subject,"US, IL, Belvidere",Y2015/1316
1922-05-18,_subject,,Y2015/1317
1920-03-07,_subject,,Y2015/1318
1930-07-22,_subject,,Y2015/1319
1955-02-02,_subject,,Y2015/1320
1944-02-23,_subject,"US, IL, Oquawka",Y2015/1321
1921-12-13,_subject,"US, MO, St. Louis",Y2015/1322
,_subject,"US, PA, Altoona",Y2015/1323
1933-07-06,_subject,"US, CA, Chico",Y2015/1325
1931-09-14,_subject,"US, CT, Stamford",Y2015/1326
1924-10-31,_subject,"US, MI, St. Clair Shores",Y2015/1327
1939-01-14,_subject,"US, OR, Summit",Y2015/1328
1978-06-28,_subject,"US, NM, Alamogordo",Y2015/1329
1926-11-29,_subject,"US, OH, Cleveland",Y2015/1330
1931-02-24,_subject,"US, PA, Connellsville",Y2015/1331
1939,_subject,"VE, Distrito Federal, Caracas",Y2015/1332
1924-07-04,_subject,"US, NY, Buffalo",Y2015/1333
1949-01-19,_subject,"DO, Distrito Nacional, Santo Domingo",Y2015/1334
1933-11-12,_subject,"US, CA, Exeter",Y2015/1335
1925-12-10,_subject,"US, IL, East St. Louis",Y2015/1336
1927-11-30,_subject,"US, TX, Ben Bolt",Y2015/1337
1941-12-08,_subject,"US, LA, New Orleans",Y2015/1338
1944-07-18,_subject,"US, MO, Springfield",Y2015/1339
1931,_subject,"US, IN, Gary",Y2015/1341
1929-11-22,_subject,,Y2015/1342
1928-08-02,_subject,"US, GA, Dexter",Y2015/1343
1932-05-06,_subject,,Y2015/1344
1925-05-17,_subject,"US, IL, Blue Island",Y2015/1345
1954-02-05,_subject,"US, IA, Atlantic",Y2015/1346
1925-05-10,_subject,,Y2015/1347
1934-03-22,_subject,"US, MI, Pontiac",Y2015/1348
1936-01-29,_subject,"US, IA, Cedar Rapids",Y2015/1350
1942,_subject,,Y2015/1351
1939-01-21,_subject,"US, LA, Haynesville",Y2015/1352
1924-12-11,_subject,"US, NC, Greensboro",Y2015/1353
1930-12-24,_subject,"CU, La Habana, Guanabacoa",Y2015/1355
1922-06-19,_subject,"US, KY, Jenkins",Y2015/1356
1930-08-21,_subject,"US, TX, Travis County",Y2015/1357
1934-10-27,_subject,"US, OH, Cincinnati",Y2015/1358
1921-11-06,_subject,"US, CA, San Diego",Y2015/1359
,_subject,"US, NC, Warsaw",Y2015/1360
1927-10-02,_subject,"US, NJ, High Bridge",Y2015/1361
1939-03-23,_subject,"US, IA, Clinton",Y2015/1362
1925-07-21,_subject,"US, OK, Bromide",Y2015/1364
1934-04-28,_subject,"US, IN, Terre Haute",Y2015/1365
1937-01-10,_subject,,Y2015/1366
1929-10-12,_subject,"PR, , San Juan",Y2015/1368
1938-03-25,_subject,"US, AL, Decatur",Y2015/1369
1926-06-12,_subject,"US, NC, Brunswick County",Y2015/1370
1917-07-25,_subject,"US, GA, Juliette",Y2015/1372
1930-02-28,_subject,"US, NY, Bronx",Y2015/1373
1956-06-30,_subject,,Y2015/1374
1928-05-11,_subject,"US, MO, St. Louis",Y2015/1375
1944-08-05,_subject,"US, DC, Washington",Y2015/1376
1935-11-19,_subject,"US, OH, Logan County",Y2015/1377
1935-09-28,_subject,"US, NJ, Sayreville",Y2015/1378
1924-04-15,_subject,"US, NC, Helton",Y2015/1379
1936-02-07,_subject,,Y2015/1380
1930-12-07,_subject,"US, MI,",Y2015/1381
1936-09-04,_subject,"US, CA, Los Angeles",Y2015/1382
1927-09-10,_subject,,Y2015/1383
1932,_subject,"PR, Guayama, Puente Jobos",Y2015/1384
1928-12-11,_subject,"US, PA, Reeders",Y2015/1385
1952-07-01,_subject,,Y2015/1387
1930-08-15,_subject,"US, ID, Weiser",Y2015/1388
1931-09-26,_subject,,Y2015/1389
1925-10-04,_subject,,Y2015/1391
1919-08-16,_subject,"DO, Valverde, Mao",Y2015/1392
1925-03-17,_subject,"US, IA, Webster City",Y2015/1393
1930-11-01,_subject,,Y2015/1394
1926-09-09,_subject,"US, KS, Odin",Y2015/1395
1930-10-15,_subject,"US, TX, Olney",Y2015/1396
1949-09-23,joe,,Y2015/1397
1936-06-28,_subject,,Y2015/1398
1948-11-29,_subject,"US, MA, Framingham",Y2015/1399
1923-05-01,_subject,"US, NC,",Y2015/1400
1964-08-23,_subject,"US, OK, Lawton",Y2015/1401
1931-03-09,_subject,,Y2015/1402
1941-05-28,_subject,"US, AL, Anniston",Y2015/1403
1922-06-07,_subject,"US, MD, Taneytown",Y2015/1404
1937-05-23,_subject,,Y2015/1405
1931-02-21,_subject,"US, TX, Abilene",Y2015/1406
,_subject,"US, KS,",Y2015/1407
1920-05-07,_subject,"US, KY, Corbin",Y2015/1409
1964-08-07,_subject,"US, MT, Havre",Y2015/1410
1943-09-12,_subject,"US, AZ, Hayden",Y2015/1412
1924-02-28,_subject,"US, MN, Bemidji",Y2015/1413
1930-02-03,_subject,,Y2015/1414
1923-01-19,_subject,"US, MI, Frankenlust Township",Y2015/1415
1931-02-02,_subject,"US, NC, Bryson City",Y2015/1416
1929,_subject,"US, WI, Madison",Y2015/1417
1929-10-11,_subject,"US, AR, Swifton",Y2015/1418
1932-05-30,_subject,"US, PA, McVeytown",Y2015/1420
1934-06-13,_subject,"US, CT, Putnam",Y2015/1421
1931-08-14,_subject,,Y2015/1422
1932-05-30,_subject,"US, PA, McVeytown",Y2015/1423
1951-08-25,_subject,"US, KY, Lexington",Y2015/1424
1947-01-01,_subject,"US, FL, Palatka",Y2015/1425
1932-01-10,_subject,"US, TX, East Bernard",Y2015/1426
1917-05-05,_subject,,Y2015/1427
1937-07-28,_subject,"US, SC, Hickory Grove",Y2015/1428
1943-08-13,_subject,"US, OH, Toledo",Y2015/1429
1929-03-30,_subject,"US, IL, Spring Valley",Y2015/1430
1928-10-08,_subject,"US, OH, Dayton",Y2015/1431
1939-06-03,_subject,"US, CA, San Francisco",Y2015/1432
,_subject,"US, MA, Webster",Y2015/1434
1924-12-29,_subject,"US, VA, Stony Creek",Y2015/1435
1934-11-22,_subject,"US, NY, Niagara Falls",Y2015/1436
1922-05-05,_subject,"US, IL, East St. Louis",Y2015/1437
1927-08-21,_subject,"US, IA, Webster City",Y2015/1438
1933-11-07,_subject,,Y2015/1439
1925-03-15,_subject,"US, UT, LaVerkin",Y2015/1440
1971-10-20,_subject,"US, VA, Farmville",Y2015/1441
,_subject,"US, WV, White Sulphur Springs",Y2015/1442
1919-10-01,_subject,"US, IA, Rockwell City",Y2015/1443
1929-10-06,_subject,,Y2015/1444
1924-07-25,_subject,"US, PA, New Freedom",Y2015/1445
1927-01-24,_subject,"US, IN, Fort Wayne",Y2015/1446
1926-07-02,_subject,"US, IL, Chicago",Y2015/1447
1932-11-26,_subject,,Y2015/1448
1930-05-22,_subject,,Y2015/1449
1942-11-01,_subject,"US, IL, Chicago",Y2015/1450
1986-09-02,_subject,"US, TX, Texarkana",Y2015/1452
1928-03-03,_subject,"US, NJ, Jersey City",Y2015/1453
1955-05-25,_subject,,Y2015/1455
1969-10-19,_subject,"US, IL, Chicago",Y2015/1457
1920-09-22,_subject,"US, NY, Suffern",Y2015/1458
,_subject,"JP, Osaka,",Y2015/1459
1933-08-02,_subject,,Y2015/1462
1935-02-24,_subject,"US, OK, Oklahoma City",Y2015/1463
1921-03-05,_subject,"US, OH, Woodlawn",Y2015/1465
1937-02-15,_subject,"US, NY, Buffalo",Y2015/1466
1939-12-04,_subject,"US, CT, New Haven",Y2015/1467
1944-06-05,_subject,"US, OR, Portland",Y2015/1468
1933,_subject,"US, CT, Stafford",Y2015/1469
1927-01-31,_subject,,Y2015/1470
1953-08-07,_subject,"US, MA, Gloucester",Y2015/1471
1924-04,_subject,"US, AL, Covington County",Y2015/1472
1939-03-28,_subject,,Y2015/1473
1933-05-28,_subject,"US, CA, San Francisco",Y2015/1474
1929-09-10,_subject,"US, IN, Whiting",Y2015/1475
1922-05-05,_subject,,Y2015/1476
1949-07-08,_subject,"US, FL, Pensacola",Y2015/1477
1956-01-30,_subject,"US, ME, Bangor",Y2015/1478
,_subject,"US, NJ, Hamilton",Y2015/1479
1927-03-18,_subject,"US, IL, East St. Louis",Y2015/1480
,_subject,"US, SC, Anderson",Y2015/1481
1934-01-16,_subject,"CA, QC, Montreal",Y2015/1482
1928-05-17,_subject,"US, CA, San Jose",Y2015/1484
1933-12-01,_subject,"US, VA, Woodstock",Y2015/1485
1962-10-06,_subject,"US, TX, Waco",Y2015/1486
1944-02-11,_subject,,Y2015/1487
1944-02-11,_subject,"US, AL, Tuscaloosa",Y2015/1488
,_subject,"US, GA, Augusta",Y2015/1490
1926-06-28,_subject,"US, MA, Cambridge",Y2015/1491
1938-06-04,_subject,"US, OH, Cleveland",Y2015/1492
,_subject,"US, NY, Buffalo",Y2015/1493
1949-03-07,_subject,,Y2015/1494
,_subject,"US, PA, New Brighton",Y2015/1496
,_subject,"US, MN, St. Paul",Y2015/1497
1930-04-25,_subject,,Y2015/1498
1934-07-13,_subject,"US, GA, Newnan",Y2015/1499
1924-11-04,_subject,"US, IA, Sloan",Y2015/1500
1956-06-09,jim,"US, FL, Gainesville",Y2015/1501
1936-06-09,_subject,"US, AL, Cherokee County",Y2015/1502
1967-09-09,_subject,"US, IL, Galesburg",Y2015/1503
1928-03-12,_subject,"US, NE, West Point",Y2015/1504
1923-02-02,_subject,"US, NY, Chautauqua",Y2015/1505
1941-04-19,_subject,"US, OH, St. Marys",Y2015/1506
1945-11-18,_subject,,Y2015/1507
1941-07-30,_subject,"US, CA, Farmersville",Y2015/1508
1925-11-10,_subject,,Y2015/1509
1947-12-08,_subject,"US, OH, Toledo",Y2015/1510
1956-08-05,_subject,,Y2015/1511
1921-08-05,_subject,"US, NC, West End",Y2015/1512
1924-05-05,_subject,"US, MO, Kansas City",Y2015/1515
1930-10-11,_subject,"US, MO, Hannibal",Y2015/1516
1930-06-15,_subject,"US, OH, Mansfield",Y2015/1517
1932-09-12,_subject,"US, CT, Bridgeport",Y2015/1518
1931-07-09,_subject,"US, NC, Macclesfield",Y2015/1519
1941-04-21,_subject,"US, IL, Chicago",Y2015/1520
1938-05-17,_subject,"US, NJ, Newark",Y2015/1521
1929-04-23,_subject,"US, PA, Reading",Y2015/1522
1919-12-03,_subject,,Y2015/1523
1939-07-05,_subject,"US, MO, St. Louis",Y2015/1524
1931-06-29,_subject,"US, NJ, Westfield",Y2015/1525
1926-09-18,_subject,,Y2015/1526
1921-06-16,_subject,,Y2015/1527
1930-06-13,_subject,"IT, Pordenone, Cordenons",Y2015/1528
1924-02-13,_subject,"US, NY, Syracuse",Y2015/1529
1943-05-19,_subject,"US, NJ, Morristown",Y2015/1530
1940-08-15,_subject,"US, UT, Salt Lake City",Y2015/1531
,_subject,"US, CA, Tulare",Y2015/1533
1938-08-11,_subject,"US, PA, Erie",Y2015/1534
1933-05-10,_subject,"US, IL, Joliet",Y2015/1535
1925-10-26,_subject,,Y2015/1537
1930-02-23,_subject,"US, AL, Birmingham",Y2015/1538
1932-11-21,_subject,,Y2015/1540
1930-10-26,_subject,"US, GA, Thomasville",Y2015/1541
1929-07-23,_subject,"US, MI, Lansing",Y2015/1542
1945-09-19,_subject,"US, PA, Philadelphia",Y2015/1543
1926-01-25,_subject,"US, WI, Washington Island",Y2015/1544
1923-01-18,_subject,"CA, BC, Victoria",Y2015/1545
1920-10-07,eddie,"US, CA, San Francisco",Y2015/1546
1952-11-12,_subject,"US, LA, New Orleans",Y2015/1547
1928-03-09,_subject,"MX, San Luis Potosi, San Luis Potosi",Y2015/1548
1921-03-09,_subject,"JP, Hyogo Prefecture,",Y2015/1549
1957-10-03,_subject,"MX, Sonora, Empalme",Y2015/1550
1929-12-18,_subject,"US, MI, Detroit",Y2015/1552
1925-08-08,_subject,"US, OH, Coal Grove",Y2015/1553
,_subject,"US, SC, Spartanburg",Y2015/1554
1936-07-04,_subject,"US, TX, Rowena",Y2015/1555
1935-09-29,_subject,"US, IL, East Chicago",Y2015/1556
1934-11-14,_subject,,Y2015/1557
1934,_subject,"US, NJ, Elizabeth",Y2015/1558
1926-11-06,_subject,"US, IN, Maples",Y2015/1559
1934-05-04,_subject,"US, OH, Toledo",Y2015/1560
1927-09-04,_subject,"US, NJ, Secaucus",Y2015/1561
1928-03-20,_subject,"US, WI, Appleton",Y2015/1563
1932-12-06,_subject,"US, OK, Bokoshe",Y2015/1564
,_subject,"US, NY, New York",Y2015/1565
1929-07-27,_subject,"US, MI, Ferndale",Y2015/1566
1928-07-23,_subject,"US, PA, Peach Bottom",Y2015/1567
1945-01-29,_subject,"US, MA, Boston",Y2015/1568
1930-10-19,_subject,"US, PA, Albany",Y2015/1569
1930-11-27,_subject,"US, OH, Defiance",Y2015/1570
,_subject,"US, NJ, Lyndhurst",Y2015/1571
1932-10-03,_subject,"US, IA, Woden",Y2015/1572
1933-06-21,_subject,"US, CA, Saint Helena",Y2015/1573
1923-12-05,_subject,,Y2015/1574
1923-04-12,_subject,"US, GA, Parrott",Y2015/1575
1929-10-22,_subject,"US, AL, Moody",Y2015/1576
1928-08-05,_subject,"US, MA, Attleboro",Y2015/1577
1932-04-11,_subject,"US, MO, Rhineland",Y2015/1578
1923-05-11,_subject,"US, AR, Greenbrier",Y2015/1579
1936-10-06,_subject,,Y2015/1580
1929-08-04,_subject,"US, NJ, Newark",Y2015/1581
1947-02-17,_subject,"US, SC, Florence",Y2015/1582
1939,_subject,"US, TX, Baytown",Y2015/1583
1932-10-27,_subject,"US, AR, Hot Springs",Y2015/1584
1995-04-08,_subject,"US, FL, Lake County",Y2015/1585
1938-05-19,_subject,"US, GA, Statesboro",Y2015/1586
,_subject,"US, CA, Ukiah",Y2015/1587
1930-09-06,_subject,"US, AR, Little Rock",Y2015/1588
1928-08-20,_subject,,Y2015/1592
1925-10-20,_subject,"US, WA, Vancouver",Y2015/1593
1932-08-18,_subject,"US, FL, Sampson City",Y2015/1594
1925-08-16,_subject,,Y2015/1595
1946-05-18,_subject,"US, TX, San Angelo",Y2015/1596
1931-04-27,_subject,"US, PA, Strausstown",Y2015/1598
1932-10-19,_subject,"US, MI,",Y2015/1599
,_subject,"US, NY, Lackawanna",Y2015/1600
1952-01-12,_subject,,Y2015/1601
1932-12-15,_subject,"US, MO, Washington",Y2015/1602
1932-08-08,_subject,"US, CO, Julesburg",Y2015/1604
1932-06-15,_subject,"US, OK, Oklahoma City",Y2015/1605
1928-11-28,_subject,"US, PA, Carlisle",Y2015/1606
1931-08-09,_subject,,Y2015/1607
1930-01-31,_subject,"PA, , Panama City",Y2015/1608
1933-09-07,_subject,"US, NJ, Elizabeth",Y2015/1610
1931-07-23,_subject,,Y2015/1611
,_subject,"US, PA, Shenandoah",Y2015/1612
1936-03-28,_subject,"US, OK, Hillsdale",Y2015/1613
1923-07-19,_subject,,Y2015/1614
1937-03-08,_subject,"US, NY, Buffalo",Y2015/1615
1935-01-14,_subject,"US, MN, Austin",Y2015/1616
1927-02-02,_subject,"US, KY, Little Dixie",Y2015/1617
1951-09-26,_subject,,Y2015/1620
1950-05-24,_subject,"US, MS, Jackson",Y2015/1621
1942-12-07,_subject,,Y2015/1622
1952-03-14,_subject,"US, PA, Chambersburg",Y2015/1623
1922-03-03,_subject,"US, OH, Toledo",Y2015/1624
1943-01-02,_subject,"US, TX, Mission",Y2015/1625
1931-05-22,_subject,"US, DC, Washington",Y2015/1626
1940-05-16,_subject,"US, KS, Great Bend",Y2015/1627
1935-06-23,_subject,"US, PA, Johnstown",Y2015/1628
1934-04-07,_subject,"US, PA, Emigsville",Y2015/1629
1930-08-15,_subject,"US, PA, Forest Hills",Y2015/1630
1946-01-07,_subject,"US, WA, Bellingham",Y2015/1631
1919-01-11,_subject,"CA, SK, Kamsack",Y2015/1633
1950-02-03,_subject,,Y2015/1634
1930-04-10,_subject,"US, WA, Hoquiam",Y2015/1635
1930-09-14,_subject,"US, PA, Rankin",Y2015/1637
1930-12-15,_subject,"US, AL, Limestone County",Y2015/1638
1925-04-29,_subject,"US, CT, Mansfield",Y2015/1639
1929-10-14,_subject,"US, KS, Baxter Springs",Y2015/1640
1922-11-03,_subject,,Y2015/1642
1936-01-18,_subject,"US, WI, Waushara County",Y2015/1643
1931-12-03,_subject,,Y2015/1644
1932-08-27,_subject,,Y2015/1645
1953-07-20,_subject,"US, CA, Santa Barbara",Y2015/1646
1950-03-09,_subject,,Y2015/1647
1917-07-10,_subject,,Y2015/1648
1931-06-05,_subject,,Y2015/1649
1934-10-15,_subject,"US, MO, Sedalia",Y2015/1650
1929-06-03,_subject,"US, PA, Spruce Hill Township",Y2015/1651
1919,_subject,"US, MA, Lawrence",Y2015/1652
1937-11-06,_subject,"US, NY, New York",Y2015/1653
1926-11-12,_subject,"US, OR, Portland",Y2015/1654
1931-08-05,_subject,,Y2015/1655
1945-12-10,_subject,,Y2015/1657
1939-08-02,_subject,"US, IL, Peoria",Y2015/1658
1927-04-13,_subject,"US, CA, El Monte",Y2015/1659
1917-11,_subject,"US, OH, Wapakoneta",Y2015/1660
1934-02-09,_subject,"US, PA, Philadelphia",Y2015/1661
1941-12-05,_subject,"US, IL, Peoria",Y2015/1662
1934-02-06,_subject,"US, MO, Kansas City",Y2015/1663
1929-01-17,_subject,"US, AR, Greenbrier",Y2015/1664
1939-08-12,_subject,"US, WI, Manitowoc",Y2015/1666
1918,_subject,"US, NC, Raleigh",Y2015/1667
1933-07-24,_subject,"US, SC, Anderson",Y2015/1668
1926-09-25,_subject,"US, IA, Burlington",Y2015/1669
1932-03-18,_subject,"US, CA, San Diego",Y2015/1670
1986-04-13,_subject,"US, CA, Huntington Beach",Y2015/1671
1921-12-23,_subject,"US, AZ, Glendale",Y2015/1672
,_subject,"US, PA, Larksville",Y2015/1674
1916-10-23,_subject,"US, OH, Darke County",Y2015/1675
,_subject,"US, NJ, Vineland",Y2015/1676
1931-01-27,_subject,"US, DE, Wilmington",Y2015/1677
1927-02-18,_subject,"US, NY, Brooklyn",Y2015/1678
1936-03-25,_subject,,Y2015/1679
1938-09-12,_subject,"CA, QC, Sherbrooke",Y2015/1680
1932-02-10,_subject,"US, SC, Columbia",Y2015/1681
1939-07-28,_subject,,Y2015/1682
1934-06-07,_subject,"US, RI, Providence",Y2015/1684
1928-12-11,_subject,"US, OH, Springfield",Y2015/1686
1983-08-22,_subject,"DO, Azua, Azua",Y2015/1687
,_subject,"US, TX, Refugio",Y2015/1688
1928-09-30,_subject,"US, WA, Spokane",Y2015/1690
1913,_subject,"US, IA,",Y2015/1691
1927-11-07,_subject,,Y2015/1693
1951-08-10,_subject,"US, AK, Fairbanks",Y2015/1694
1955-11-26,_subject,"CA, BC, Victoria",Y2015/1695
1921-09-24,_subject,,Y2015/1696
1932-09-25,_subject,"US, NE, Dodge County",Y2015/1697
1923-07-15,_subject,"US, KS, Salina",Y2015/1698
1934-05-07,_subject,,Y2015/1700
1936-08-11,_subject,"US, MA, Medford",Y2015/1701
1941-07-13,_subject,"US, FL, Jasper",Y2015/1702
,_subject,"US, NY, Flushing",Y2015/1703
1935-11-14,_subject,"US, PA, Old Forge",Y2015/1705
,_subject,"US, MO, Carthage",Y2015/1706
,_subject,"US, TX, Refugio",Y2015/1707
1929-08-07,_subject,"US, AL, Lee County",Y2015/1708
1929-04-25,_subject,"US, OH, Cleveland",Y2015/1709
1944-11-09,_subject,"US, NY, Brooklyn",Y2015/1710
1932-03-26,_subject,"PR, , Ponce",Y2015/1711
,_subject,"US, CT, Norwalk",Y2015/1712
1954-12-15,_subject,"US, WI, Wisconsin Rapids",Y2015/1715
1939-01-07,_subject,"US, DE, Wilmington",Y2015/1718
1931-01-31,_subject,,Y2015/1719
1934-02-06,_subject,"US, IL, Quincy",Y2015/1720
1934-07-27,_subject,"US, SC, Columbia",Y2015/1722
1936-01-19,_subject,"US, PA, Lower Nazareth Township",Y2015/1723
1932-05-05,_subject,"US, MO, Malden",Y2015/1724
1933-02-24,_subject,"US, CA, Sonora",Y2015/1725
,_subject,"US, NH, Goffstown",Y2015/1726
1935-07-19,_subject,"US, CT, Hartford",Y2015/1728
1931-04-10,_subject,"US, AL, Birmingham",Y2015/1729
1931-01-27,_subject,"US, NY, Brooklyn",Y2015/1730
1926-08-22,_subject,"US, MO, Cole County",Y2015/1731
1930-06-15,_subject,"US, CO, Boulder",Y2015/1732
1935-01-19,_subject,"US, TN, Memphis",Y2015/1733
1929-12-13,_subject,"US, CA, Ventura",Y2015/1734
1926-12-29,_subject,"US, WV, Benwood",Y2015/1735
1924-04-28,_subject,,Y2015/1736
,_subject,"TW, ,",Y2015/1737
1927-12-10,_subject,"US, OH, Columbus",Y2015/1738
1921-01-01,_subject,,Y2015/1739
1935-05-09,_subject,"US, SC, Rock Hill",Y2015/1740
1934-02-09,_subject,"US, IN, Gary",Y2015/1741
1919-04-21,_subject,"US, NJ, Woodbridge",Y2015/1742
1929-01-10,_subject,,Y2015/1744
,_subject,"US, SC,",Y2015/1745
1932-06-15,_subject,"US, NY, Queens",Y2015/1746
1919-11-21,_subject,,Y2015/1747
1928-05-19,_subject,"US, NH, Manchester",Y2015/1749
1924-09-16,_subject,"US, MO, St. Louis",Y2015/1750
1930-12-11,_subject,"CA, ON, Windsor",Y2015/1751
1927-07-12,_subject,"US, PA, Jersey Shore",Y2015/1752
1934-08-17,_subject,"US, NY, Albany",Y2015/1755
1944-04-20,_subject,"US, TN, Knoxville",Y2015/1756
1927-12-26,_subject,"US, MA, Northampton",Y2015/1757
1932,_subject,,Y2015/1758
1934-06-19,_subject,,Y2015/1759
,_subject,"US, LA, Hahnville",Y2015/1760
1935-12-11,_subject,,Y2015/1761
1931-01-11,_subject,"US, OH, Milton Township",Y2016/1001
,_subject,"US, NY, Troy",Y2016/1002
1934-02-09,_subject,"US, AL, Montgomery",Y2016/1003
1957-09-09,_subject,,Y2016/1004
1945-08-23,_subject,,Y2016/1005
1938-06-19,_subject,,Y2016/1006
1929-09-27,_subject,,Y2016/1007
1928-10-25,_subject,,Y2016/1008
1935-11-20,_subject,"US, NY, Kingston",Y2016/1009
1935-11-20,_subject,"US, NC, Rowan County",Y2016/1010
1924-05-13,_subject,"US, NC, Midland",Y2016/1011
1952-08-20,_subject,"US, PA, Pottsville",Y2016/1012
1932-02-15,_subject,"US, OH, Toledo",Y2016/1013
1931-07-17,_subject,"US, MI, Highland Park",Y2016/1014
1924-05-28,_subject,"US, MI, Monroe",Y2016/1015
1935-11-24,_subject,"US, AL, Birmingham",Y2016/1016
1930-08-27,_subject,"US, PA, Crafton",Y2016/1017
1925,_subject,"US, VA, Norfolk",Y2016/1018
1934-11-16,_subject,"US, NY, Utica",Y2016/1019
1919-02-25,_subject,"US, AL, Haleburg",Y2016/1020
1931-12-10,_subject,"US, MO, St. Louis",Y2016/1021
1940,_subject,"VE, Zulia, Maracaibo",Y2016/1023
1946,_subject,,Y2016/1024
1927,_subject,"US, PA, Chester",Y2016/1025
1969-04-13,_subject,"US, OH, Toledo",Y2016/1026
1945,_subject,,Y2016/1027
1918-11-16,_subject,,Y2016/1030
,_subject,"US, IN, Whiting",Y2016/1031
1927,_subject,"US, NJ, Bayonne",Y2016/1033
1929-09-07,_subject,"US, MA, Haverhill",Y2016/1034
1928-04-07,_subject,"US, NE, Crofton",Y2016/1035
1935-01-23,_subject,"US, PA, Pittsburgh",Y2016/1036
1921-01-29,_subject,"US, NC, Claremont",Y2016/1037
1933-08-15,_subject,"US, TX, Dallas",Y2016/1038
1928-12-12,_subject,"US, PA, Perkasie",Y2016/1040
1927-10-15,_subject,,Y2016/1041
1932-09-20,_subject,"US, CA, Sacramento",Y2016/1042
1933-06-27,_subject,,Y2016/1043
1931-02-14,_subject,,Y2016/1044
1936-02-10,_subject,"US, IL, Chicago",Y2016/1046
1932-10-24,_subject,"US, NY, Brooklyn",Y2016/1047
1925-06-12,_subject,"US, VA, Dayton",Y2016/1048
1939-12-03,_subject,"US, CA, Los Angeles",Y2016/1051
1943-12-19,_subject,"US, TX, Brownwood",Y2016/1052
1931-12-18,_subject,"US, MA, Holyoke",Y2016/1053
1926-11-18,_subject,,Y2016/1054
1932-01-04,_subject,"US, CA, Los Angeles",Y2016/1055
1935-02-26,_subject,"US, NY, Bronx",Y2016/1056
1952-10-03,_subject,"US, MN, Springfield",Y2016/1057
1935-03-18,_subject,"US, MD, Cumberland",Y2016/1058
1965-07-30,_subject,"US, CA, Stockton",Y2016/1060
,_subject,"US, CA, San Jose",Y2016/1061
1946-10-01,_subject,"US, CA, Yuba City",Y2016/1062
1950-12-12,_subject,,Y2016/1064
1949-07-12,_subject,,Y2016/1065
1923-11-27,_subject,"US, SC, Newberry",Y2016/1066
1924-01-08,_subject,"US, CA, San Diego",Y2016/1067
1934-04-12,_subject,,Y2016/1069
1940-09-01,_subject,"CA, ON, Toronto",Y2016/1070
1937-01-30,_subject,"US, IL, Scales Mound",Y2016/1071
1927-03-27,_subject,"US, TX, Amarillo",Y2016/1072
1929-10-03,_subject,"US, UT, Salt Lake City",Y2016/1073
1923-11-13,_subject,"US, OH, Cincinnati",Y2016/1074
1921-07-03,_subject,"US, CT, New Haven",Y2016/1075
1928-08-01,_subject,"US, NY, Brooklyn",Y2016/1076
1945-03-20,_subject,,Y2016/1077
1958-04-27,_subject,"US, CA, Harbor City",Y2016/1078
1937-03-20,_subject,"US, WI, Manitowoc",Y2016/1079
1926-08-08,_subject,"US, TX, Amarillo",Y2016/1080
1943-02-12,_subject,"US, OR, Portland",Y2016/1081
1935-12-16,_subject,"US, IN, East Chicago",Y2016/1082
1927-03-30,_subject,"US, GA, Columbus",Y2016/1083
1932-09-01,_subject,,Y2016/1084
,_subject,"US, NJ, Fairview",Y2016/1085
1947-11-05,_subject,"US, UT, Oream",Y2016/1086
1934-10-06,_subject,"US, SD, Ward",Y2016/1087
1948-05-27,jim,"US, CA, Livermore",Y2016/1088
1934-09-05,_subject,"US, MS, Ocean Springs",Y2016/1090
1955-06-12,_subject,"US, KS, Kansas City",Y2016/1091
1922-06-16,_subject,"US, PA, Coral",Y2016/1092
1928-08-22,_subject,,Y2016/1093
1923-04-28,_subject,"US, MA, Methuen",Y2016/1095
1959-04-25,_subject,"US, GA, Atlanta",Y2016/1096
1933-04-03,_subject,"US, PA, Limeport",Y2016/1097
1935-07-26,_subject,"US, CA, Vallejo",Y2016/1098
1921-09-08,_subject,"US, OR, Portland",Y2016/1099
,_subject,"US, VA, Gordonsville",Y2016/1100
1922-02-21,_subject,"US, NH, Nashua",Y2016/1101
1953-11-05,_subject,"US, OK, Tulsa",Y2016/1102
1947-07-22,_subject,"US, NE, Imperial",Y2016/1103
1914-08-17,_subject,"US, PA, Altoona",Y2016/1104
1933-08-17,_subject,"US, AL, Siluria",Y2016/1105
1934,_subject,"US, PA, Monessen",Y2016/1106
1928-09-06,_subject,"US, NY, Queens",Y2016/1107
1932-08-06,_subject,"US,",Y2016/1108
1945-07-22,_subject,"US, CA, Selma",Y2016/1109
1923-04-26,_subject,"US, CA, Willowbrook",Y2016/1110
1953-08-01,_subject,"US, MD, Baltimore",Y2016/1111
1916-05-19,_subject,,Y2016/1112
1938-02-09,_subject,"US, NY, Brooklyn",Y2016/1113
1929-05-02,_subject,"US, WI, Milwaukee",Y2016/1114
1938-04-17,_subject,"US, PA, Lebanon",Y2016/1115
1931-03-21,_subject,"US, CA, San Francisco",Y2016/1116
1947-04-06,_subject,"US, OR, Eugene",Y2016/1117
1963-04-12,_subject,"US, FL, Ft. Lauderdale",Y2016/1118
,_subject,"US, PA, Quakertown",Y2016/1119
1940-06-14,_subject,"US, IN, Clinton",Y2016/1120
1946-08-04,_subject,"US, MA, Springfield",Y2016/1121
1930-01-26,_subject,"US, MI, Detroit",Y2016/1122
1929-09-30,_subject,,Y2016/1124
1926-09-09,_subject,"US, NC, Forsyth County",Y2016/1125
1933,_subject,"US, NJ, East Orange",Y2016/1126
1922-12-05,_subject,"US, WI, Willard",Y2016/1127
1927,_subject,,Y2016/1128
1985-07-21,_subject,,Y2016/1129
1931-01-27,_subject,"US, GA, Tift County",Y2016/1130
1934-04-20,_subject,"US, CA, Los Angeles",Y2016/1131
1951-12-05,_subject,"US, MA, Methuen",Y2016/1133
1925-04-11,_subject,,Y2016/1134
1931-01-13,_subject,,Y2016/1136
1930-02-04,_subject,"US, IL, Belleville",Y2016/1137
1925-01-17,_subject,"US, AL, Vernon",Y2016/1138
1922-12-04,_subject,"US, NC, Winston-Salem",Y2016/1139
1933-09-06,_subject,"US, KY, Covington",Y2016/1140
1943-07-29,_subject,"US, VA, Nottoway County",Y2016/1142
,_subject,"US, NC, Greensboro",Y2016/1143
1933-07-06,_subject,"US, OR, Albany",Y2016/1144
1926-08-25,_subject,,Y2016/1145
1937-02-16,_subject,"US, AL, Montevallo",Y2016/1146
1928-04-01,_subject,"US, NJ, Jersey City",Y2016/1147
1926-04-03,_subject,"US, FL, Bradley Junction",Y2016/1148
1943-01-10,_subject,,Y2016/1149
1929-02-15,_subject,"US, OH, Oxford",Y2016/1150
1926-04-13,_subject,"US, IL, Chicago",Y2016/1151
1920-03-14,_subject,"US, AL, Tarrant City",Y2016/1153
1924-12-25,_subject,"US, AL, Birmingham",Y2016/1154
,_subject,"US, NJ. Paterson",Y2016/1155
1941-09-08,_subject,,Y2016/1156
1973-03-24,_subject,,Y2016/1157
1928,_subject,"CA, NB, St. John",Y2016/1158
1932-03-19,_subject,"US, WI, Milwaukee",Y2016/1159
1928-02,_subject,"US, CA, Santa Paula",Y2016/1160
1932-05-21,_subject,"US, AL, Huntsville",Y2016/1161
1926-01-15,_subject,"US, NY, Albany",Y2016/1162
1922-10-26,_subject,"US, PA, Nazareth",Y2016/1163
1932-07-08,_subject,"US, IA, Mason City",Y2016/1164
1932-03-16,_subject,"US, IN, Princeton",Y2016/1165
1939-03-31,_subject,"US, WI, Hortonville",Y2016/1166
1925-08-25,_subject,"US, ME, Lewiston",Y2016/1168
1926-02-22,_subject,"US, PA, Philadelphia",Y2016/1169
1939-06-18,_subject,"US, OK, Tulsa",Y2016/1170
1958-05-05,_subject,"US, TX, New Gulf",Y2016/1171
1923-01-19,_subject,,Y2016/1173
1932-04-20,_subject,"US, VA, Stephens City",Y2016/1174
1936,_subject,,Y2016/1175
1922-04-23,_subject,"US, NH, Keene",Y2016/1176
1938-04-08,_subject,"US, OH, Delaware",Y2016/1177
1932-02-09,_subject,"US, OR, Marion",Y2016/1178
1931-09-04,_subject,"US, TX, Waco",Y2016/1179
1935-01-06,_subject,"US, NY, Hudson",Y2016/1180
1942-09-26,_subject,"US, MN, Morristown",Y2016/1181
,_subject,"PR, , Canovanas",Y2016/1182
1934-01-18,_subject,"US, MI, Ionia",Y2016/1183
1925-07-01,_subject,"US, OH, Dillonvale",Y2016/1184
1920-12-04,_subject,,Y2016/1185
1947-01-18,_subject,"US, MA, Waltham",Y2016/1186
,_subject,"MX, Veracruz, Tuxpan",Y2016/1188
1935-03-23,_subject,"US, KY, Muldraugh",Y2016/1189
1927-05-31,_subject,"US, SD, Yankton",Y2016/1190
1915-10-17,_subject,"US, CT, Old Greenwich",Y2016/1191
1936-12-29,_subject,"US, CA, San Bernardino",Y2016/1192
1934-05-22,_subject,,Y2016/1193
1925-12-04,_subject,"US, OH, Braceville",Y2016/1194
1920-06-12,_subject,"US, IN, Pendleton",Y2016/1195
1956-11-06,_subject,"US, FL, Lake Worth",Y2016/1196
1938,_subject,,Y2016/1197
1926-09-10,_subject,"US, KY, Louisville",Y2016/1198
1951-04-21,_subject,"US, IN, Sullivan",Y2016/1200
1933-09-10,_subject,"US, IL, Winslow",Y2016/1201
1932-09-01,_subject,"US, PA, Zelienople",Y2016/1202
,_subject,"US, MA, Medway",Y2016/1203
1947-04-03,_subject,"US, OH, Cincinnati",Y2016/1204
1929-05-23,_subject,"US, IL, Danville",Y2016/1205
1924-05-01,_subject,"US, PA, Pittsburgh",Y2016/1207
1986-09-14,_subject,"US, TX, Lubbock",Y2016/1208
1947-11-27,_subject,"US, IA, Atlantic",Y2016/1209
1939-05-11,_subject,"US, MI, Detroit",Y2016/1210
1964-07-01,_subject,"US, IL, Chicago",Y2016/1211
1924-03-17,_subject,"US, CA, Long Beach",Y2016/1212
1960-08-06,_subject,"US, OH, Xenia",Y2016/1213
1927-02-23,_subject,"US, OH, Cleveland",Y2016/1214
,_subject,"US, MA, Norwood",Y2016/1215
1935-09-28,_subject,"US, TX, Dallas",Y2016/1216
1933-04-26,_subject,"US, OH, Akron",Y2016/1217
1927-11-03,_subject,"US, OH, Leavittsburg",Y2016/1218
1922-09-06,_subject,"US, VA, Dante",Y2016/1219
1927-09-16,_subject,"US, NJ, Washington",Y2016/1220
1929-09-17,_subject,,Y2016/1221
1929,_subject,,Y2016/1224
1922-12-17,_subject,"US, PA, Mt. Pleasant",Y2016/1225
1937-07-19,_subject,"US, MD, Baltimore",Y2016/1226
1951-04-03,_subject,,Y2016/1227
1929-09-15,_subject,"US, WI, Melrose",Y2016/1228
1952,_subject,,Y2016/1230
1926-06-10,_subject,"US, MO, Seneca",Y2016/1231
1929-06-20,_subject,"US, NJ, Plainfield",Y2016/1233
1936-02-28,_subject,"US, WI, Edgerton",Y2016/1234
1946-02-18,_subject,"US, OH, Cleveland",Y2016/1235
1937-10-10,_subject,,Y2016/1236
1923-01-10,_subject,"US, IL, Johnston City",Y2016/1238
1931-05-10,_subject,"US, OH, Cygnet",Y2016/1239
1928,_subject,,Y2016/1240
1934,_subject,"US, KY, Louisville",Y2016/1241
1949-03-30,_subject,"US, KS, Kansas City",Y2016/1242
1931-08-22,_subject,"US, AR, Tontitown",Y2016/1243
1936-12-12,_subject,"US, SC, Moncks Corner",Y2016/1244
1933-09-14,_subject,,Y2016/1245
1935-02-23,_subject,"US, OH, Preble County",Y2016/1246
1922-10-10,_subject,"US, PA, York",Y2016/1247
1934-11-17,_subject,,Y2016/1248
1933-01-11,_subject,"US, LA, Wisner",Y2016/1249
1949-02-09,_subject,"US, CA, Los Angeles",Y2016/1250
1929-02-13,_subject,"US, IL, Peru",Y2016/1251
1934-01-12,_subject,"US, ME, Gorham",Y2016/1252
1932-07-05,_subject,"US, OR, Portland",Y2016/1253
1932-12-13,_subject,"US, NE, Goodwin",Y2016/1254
1933-08-04,_subject,"US, LA, New Orleans",Y2016/1255
1941-02-11,_subject,"US, OH, Youngstown",Y2016/1256
1929-08-29,_subject,"US, OK, Tulsa",Y2016/1257
1920-02-11,_subject,,Y2016/1258
1977-01-05,_subject,"US, WV, New Martinsville",Y2016/1259
1967-06-01,_subject,"US, CT, Norwich",Y2016/1260
1927-05-10,_subject,"US, NC, High Point",Y2016/1261
1956-05-23,_subject,"US, CA, San Francisco",Y2016/1262
1921-01-27,_subject,"US, OH, Washington Courthouse",Y2016/1264
1939-11-29,_subject,"US, CT, Hartford",Y2016/1266
1932,_subject,"US, NY, Syracuse",Y2016/1267
1967-08-12,_subject,"US, NC, Charlotte",Y2016/1268
1943-07-28,_subject,,Y2016/1270
1923-03-17,_subject,"US, IL, Galesburg",Y2016/1273
,_subject,"US, PA, Wrightsville",Y2016/1274
1930-05-30,_subject,"US, IA, Marshalltown",Y2016/1275
1967-06-08,_subject,,Y2016/1276
1926-01-05,_subject,"US, NY, Bronx",Y2016/1277
,_subject,"DO, San Pedro de Macoris, San Pedro de Macoris",Y2016/1278
1934-07-28,_subject,"US, IL, Summit",Y2016/1279
1935-07-28,_subject,"US, TX, Ranger",Y2016/1280
1932-08-16,_subject,"US, PA, Pittsburgh",Y2016/1282
1928-05-03,_subject,"US, WA, Tacoma",Y2016/1283
1960-09-03,_subject,,Y2016/1284
1924-04-19,_subject,,Y2016/1285
1936-08-07,_subject,"US, PA, Chester",Y2016/1286
,_subject,"US, NJ, Newark",Y2016/1287
1919-10-10,_subject,"US, IL, Oak Park",Y2016/1288
1997-04-16,_subject,"US, TN, Clarksville",Y2016/1289
1950-11-01,_subject,,Y2016/1290
1928-04-23,_subject,"US, OK, Tulsa",Y2016/1291
1977-08-15,_subject,"US, HI, Honolulu",Y2016/1292
1935,_subject,"US, IL, Chicago",Y2016/1293
1940-09-24,_subject,"CU, La Habana, Havana",Y2016/1294
1941-09-28,_subject,,Y2016/1295
,_subject,"US, WI, Independence",Y2016/1296
1926-05-15,_subject,,Y2016/1297
1924-05-10,_subject,"US, MA, Worcester",Y2016/1298
1935-04-03,_subject,,Y2016/1299
,_subject,"US, GA, Augusta",Y2016/1300
1922-06-30,_subject,"US, IL, Malta",Y2016/1301
1930-09-22,_subject,"US, CO, Denver",Y2016/1303
1932,_subject,"US, NJ, Midland Park",Y2016/1305
,_subject,"US, MA, Worcester",Y2016/1306
1934-10-15,_subject,"US, MO, Farmington",Y2016/1307
1942-04-24,_subject,"US, NJ, Elizabeth",Y2016/1308
1949-01-05,_subject,"US, NC, Smithfield",Y2016/1310
1932-03-02,_subject,,Y2016/1311
1927-09-09,_subject,"US, MD, Weaverton",Y2016/1312
1928-02-24,_subject,,Y2016/1313
1926-10-29,_subject,"US, PA, Freeport",Y2016/1314
1938-09-17,_subject,"US, MA, Boston",Y2016/1315
1937-08-06,_subject,"US, NJ, Trenton",Y2016/1316
,_subject,"US, MO, St. Louis",Y2016/1317
1932-07-27,_subject,"US, MO, St. Louis",Y2016/1318
1944-08-25,_subject,"US, PA, Hazleton",Y2016/1319
1933,_subject,"US, CT, Greenwich",Y2016/1320
1925-08-20,_subject,"US, NJ, Irvington",Y2016/1321
1931-02-11,_subject,"US, NC, Lenoir",Y2016/1322
1928-01-07,_subject,"US, PA, Strabane",Y2016/1323
1932-04-12,_subject,"US, NJ, Plainfield",Y2016/1324
1946-05-23,_subject,,Y2016/1325
1965-08-13,_subject,"US, CA, Long Beach",Y2016/1326
1930-03-27,_subject,"US, MS, Marion",Y2016/1327
,_subject,"US, OH, Cleveland",Y2016/1328
1933,_subject,"US, CA, La Jolla",Y2016/1329
1923-08-30,_subject,"US, IL, Peoria",Y2016/1330
1930-10-12,_subject,"US, IL, East St. Louis",Y2016/1331
1937-05-10,_subject,"US, TN, Henning",Y2016/1332
1930-09-03,_subject,"US, TX, San Antonio",Y2016/1334
1928-02-18,_subject,"US, GA, Manchester",Y2016/1335
1928-03-03,_subject,,Y2016/1336
1960-09-06,_subject,"UD, DE, Dover",Y2016/1337
1928-10-28,_subject,"US, MO, Kansas City",Y2016/1338
1932,_subject,"US, PA, Vandergrift",Y2016/1339
1941-06-05,_subject,,Y2016/1341
1928-04-11,_subject,"US, NC, Rowan County",Y2016/1342
,_subject,"US, NY, Schenectady",Y2016/1343
1930-11-27,_subject,"US, MA, Medford",Y2016/1344
1927-06-08,_subject,"US, IL, Chicago",Y2016/1345
1929,_subject,"US, OR, Eugene",Y2016/1346
1930-06-13,_subject,"US, AL, Carbon Hill",Y2016/1347
1931-03-19,_subject,"US, NY, New York",Y2016/1348
1941-07-01,_subject,"US, PA, Blairsville",Y2016/1349
1921-04-20,_subject,"US, MO, St. Louis",Y2016/1350
1924-11-22,_subject,"US, NY, Hawthorne",Y2016/1351
1924-05-14,_subject,"US, MI, Mio",Y2016/1352
1946-12-25,_subject,"US, DE, Wilmington",Y2016/1353
1933-12-13,_subject,"MX, Yucatan, Valladolid",Y2016/1354
1933-10-29,_subject,,Y2016/1359
1932-01-29,_subject,,Y2016/1360
1932-05-13,_subject,,Y2016/1361
1933-04-01,_subject,"US, AZ, Bisbee",Y2016/1362
1922-09-11,_subject,"PA, ,",Y2016/1363
1933-04-22,_subject,,Y2016/1364
1951-10-25,_subject,"US, MS, Biloxi",Y2016/1365
1935-09-02,_subject,,Y2016/1367
1955-05-26,_subject,"US, OK, Stillwater",Y2016/1368
1934-09-30,_subject,"US, PA, Ephrata",Y2016/1369
1935-07-02,_subject,"US, IN, South Bend",Y2016/1370
1947-03-14,_subject,"US, IL, Chicago",Y2016/1371
1929-10-15,_subject,"US, LA, Hahnville",Y2016/1372
1926-02-25,_subject,"US, MO, St. Louis",Y2016/1373
1924-03-08,_subject,"US, PA, Plains",Y2016/1375
1927-01-04,_subject,"US, VA, Covington",Y2016/1377
1929-12-01,_subject,"US, PA, Hyndman",Y2016/1378
1931-07-29,_subject,"US, VA, Appalachia",Y2016/1379
,_subject,"US, IA, Fort Madison",Y2016/1380
1924-05-30,_subject,,Y2016/1381
1936-10-25,_subject,"US, MD, Baltimore",Y2016/1382
,_subject,"US, CA, South Gate",Y2016/1383
1923-05-26,_subject,,Y2016/1384
1927-12-03,_subject,"US, NC, Asheboro",Y2016/1385
,_subject,"US, CA, Orland",Y2016/1386
1920-11-04,_subject,"US, TX, Paris",Y2016/1387
1932-12-17,_subject,"US, AL, Decatur",Y2016/1388
1937-10-01,_subject,"US, NY, New York",Y2016/1389
1933-05-20,_subject,"US, ME, Lewiston",Y2016/1390
1919-05-28,_subject,,Y2016/1391
1930-04-12,_subject,"US, PA, Freeland",Y2016/1392
1929-02-05,_subject,"US, PA, Harrisburg",Y2016/1393
1951-03-29,_subject,"US, MA, Everett",Y2016/1394
1923-09-20,_subject,"US, KS, Bucklin",Y2016/1395
1929-12-09,_subject,"US, KS, Eureka",Y2016/1396
1973-12-03,_subject,"US, WA, Vancouver",Y2016/1397
1935-04-22,_subject,"US, MO, Cossville",Y2016/1399
1960-09-13,_subject,,Y2016/1400
1929-05-24,_subject,,Y2016/1401
1938-11-26,_subject,"US, NH, Manchester",Y2016/1402
1932-06-04,_subject,,Y2016/1403
1932-07-16,_subject,,Y2016/1404
1955-11-20,_subject,"US, MD, Salisbury",Y2016/1406
1935-09-28,_subject,"CA, ON, Chatham",Y2016/1407
1923-10-02,_subject,"US, MI, Detroit",Y2016/1409
1923-12-06,_subject,"US, MO, Bevier",Y2016/1410
1993-02-20,_subject,"US, FL, Gainesville",Y2016/1411
1915-01-28,_subject,,Y2016/1412
1935-08-18,_subject,,Y2016/1413
1986-06-15,_subject,"US, ND, Fargo",Y2016/1415
,_subject,"JP, Ibaraki Prefecture, Daigo",Y2016/1416
1934-01-20,_subject,"US, NY, Elmira",Y2016/1417
1929-07-21,_subject,"US, SC, Columbia",Y2016/1418
1942-08-08,_subject,,Y2016/1419
1949-02-20,_subject,"US, CA, Van Nuys",Y2016/1420
1930-01-17,_subject,"US, KY, Warren County",Y2016/1421
1975-01-01,_subject,,Y2016/1422
1931-10-01,_subject,"US, IL, Forrest",Y2016/1423
1934-11-10,_subject,"US, AK, Morrilton",Y2016/1425
1918-04-03,_subject,"US, WI, Plymouth",Y2016/1427
1927-12-25,_subject,"US, CA, Monterey",Y2016/1428
,_subject,"US, PA, Scranton",Y2016/1429
1936-10-04,_subject,"US, IL, Zeigler",Y2016/1430
1932-08-11,_subject,"US, MA, Springfield",Y2016/1432
1959-12-17,_subject,,Y2016/1433
1922-01-11,_subject,"US, MI, Kalamazoo",Y2016/1434
,_subject,"US, NJ, Woodbury",Y2016/1436
1923-04-19,_subject,"US, PA, Jessup",Y2016/1437
1930-08-07,_subject,,Y2016/1438
1922-01-17,_subject,"US, MA, Lynn",Y2016/1439
1947,_subject,"US, VA, Newport News",Y2016/1440
1937-06-03,_subject,"US, IA, Calamus",Y2016/1441
1941-03-02,_subject,"US, NC, Wadesboro",Y2016/1442
1920-06-11,_subject,"US, WI, Wausau",Y2016/1443
1919-09-11,_subject,"US, AR, Clearwater Community",Y2016/1446
1928-12-09,_subject,,Y2016/1447
1936,_subject,,Y2016/1448
1933-10-04,_subject,"US, PA, Philipsburg",Y2016/1449
1924-12-11,_subject,"US, MI, Pontiac",Y2016/1450
,_subject,"US, RI, Cumberland",Y2016/1451
1927,_subject,"US, MA, Lowell",Y2016/1452
1931-04-14,_subject,"US, VA, Lynchburg",Y2016/1453
1928-01-29,_subject,,Y2016/1454
1925-12-25,_subject,"US, OR, Portland",Y2016/1455
1930-05-05,_subject,,Y2016/1456
1926-11-04,_subject,,Y2016/1457
1992-06-08,_subject,,Y2016/1460
1931-03-15,_subject,"US, VA, Ware Neck",Y2016/1461
1929-05-13,_subject,"US, SC, Greenville County",Y2016/1462
1927-03-10,_subject,"US, NY, Brooklyn",Y2016/1464
1935-01-16,_subject,"US, WV, Grafton",Y2016/1465
1927-03,_subject,"US, CA, Los Osos",Y2016/1466
,charles,"US, GA, Keysville",Y2016/1468
1918-03-22,_subject,"US, MO, Trenton",Y2016/1469
1944-08-20,_subject,"US, PA, Natrona Heights",Y2016/1470
1936-07-20,_subject,"US, NY, Salamanca",Y2016/1471
1969-12-08,_subject,"US, OH, Mariemont",Y2016/1473
1926-02-09,_subject,"US, TN, Johnson City",Y2016/1474
1983-01-16,_subject,"US, CA, Stockton",Y2016/1475
1929-03-20,_subject,,Y2016/1476
1942-07-12,_subject,"US, NJ, Glen Ridge",Y2016/1477
1921-03-07,_subject,"US, OR, Portland",Y2016/1478
1932-08-11,_subject,,Y2016/1479
1932-08-11,_subject,,Y2016/1480
1928-08-27,_subject,"US, MO, St. Louis",Y2016/1481
1933-09-13,_subject,"US, AL,",Y2016/1482
1932-01-12,_subject,"US, TX, Weslaco",Y2016/1483
1945-09-25,_subject,"US, WA, Seattle",Y2016/1485
1929-12-28,_subject,"US, CT, New London",Y2016/1486
1940-06-02,_subject,"US, KY, Glasgow",Y2016/1487
1926-06-27,_subject,"US, PA, Luciusboro",Y2016/1488
1916-01-29,_subject,"US, NY, St. Johnsville",Y2016/1489
1923-07-21,_subject,"US, MD, Odenton",Y2016/1490
1923-05-11,_subject,"US, NY, Greenvale",Y2016/1491
1928-10-07,_subject,"US, NY, Syracuse",Y2016/1492
1918-09-11,_subject,"US, TX, Mt. Calm",Y2016/1493
1975-10-11,_subject,"US, WV, Fairmont",Y2016/1494
1951-03-25,_subject,,Y2016/1495
1923-09-12,_subject,"US, IA, Sioux County",Y2016/1497
1942,_subject,"US, NM, Albuquerque",Y2016/1498
,_subject,"US, NY, Queens",Y2016/1499
1953-07-03,_subject,"US, SC, Florence",Y2016/1500
1924-04-18,_subject,"US, TN, Nashville",Y2016/1502
1946-04-10,_subject,"US, TX, Jasper",Y2016/1503
1971,_subject,,Y2016/1504
1971-07-19,_subject,"US, MS, Amory",Y2016/1505
1938-05-30,_subject,"US, NC, Elizabethton",Y2016/1506
1936-02-11,_subject,"US, TX, Midland",Y2016/1507
1931-10-29,_subject,"US, NC, Statesville",Y2016/1508
1941-05-05,_subject,,Y2016/1509
1933-11-17,_subject,"US, IN, Princeton",Y2016/1510
1924-06-11,_subject,"US, PA, Philadelphia",Y2016/1511
1931-03-03,_subject,"US, PA, Washington",Y2016/1512
1936-08-11,_subject,"CA, SK, Annaheim",Y2016/1513
1934-06-17,_subject,"US, KY, Louisville",Y2016/1514
1925-10-27,_subject,"US, VA, Portsmouth",Y2016/1515
,_subject,"US, IL, Chicago",Y2016/1516
1945-09-12,_subject,"US, TX, Austin",Y2016/1517
1928-11-28,_subject,"US, OH, Conneaut",Y2016/1518
1933-07-22,_subject,"US, WI, LaCrosse",Y2016/1519
1933-07-10,_subject,"US, OK, McComb",Y2016/1520
1926-06-23,_subject,,Y2016/1521
1920-04-08,_subject,,Y2016/1522
1930-05-20,_subject,,Y2016/1523
1955-08-15,_subject,"US, IN, Fort Wayne",Y2016/1524
1927-06-02,_subject,"CA, QC, Sherbrooke",Y2016/1525
1926-04-01,_subject,"US, IN, Valparaiso",Y2016/1526
,_subject,"US, PA, Reading",Y2016/1527
1924-04-06,_subject,"US, PA, Aliquippa",Y2016/1528
1922-07-15,_subject,"US, MA, Taunton",Y2016/1529
1955-01-23,_subject,"US, MI, Saginaw",Y2016/1532
1926,_subject,CA,Y2016/1533
1933-05-12,_subject,"US, NC, Gaston County",Y2016/1534
1933-07-25,_subject,"US, NJ, Clifton",Y2016/1535
1926-10-16,_subject,"US, MI, Detroit",Y2016/1536
1939-02-05,_subject,"US, NY, Ellenville",Y2016/1537
,_subject,"US, PA, Phoenixville",Y2016/1538
1938-06-15,_subject,"US, MI, Grosse Pointe",Y2016/1539
1927,_subject,"US, PA, Pittsburgh",Y2016/1540
1934-11-26,_subject,"US, NY, Glens Falls",Y2016/1541
1926-06-19,_subject,"US, MD, Boonsboro",Y2016/1542
1930-09-20,_subject,"US, SC, Spartanburg",Y2016/1543
1932-03-13,_subject,"US, MI, Rockford",Y2016/1544
1930-09-04,_subject,"US, NY, Mount Vernon",Y2016/1545
1926-07-22,_subject,"US, CA, San Mateo",Y2016/1546
1939-10-28,_subject,"US, CA, Nevada City",Y2016/1547
,_subject,"US, PA, Allentown",Y2016/1548
1927-07-13,_subject,"US, MA, Fall River",Y2016/1549
1930-09-14,_subject,"US, MO, Columbia",Y2016/1550
1936,_subject,,Y2016/1551
1918-04-29,_subject,,Y2016/1552
1938-04-22,_subject,,Y2016/1553
1931-06-27,_subject,"US, AL, Mobile",Y2016/1554
1931-10-04,_subject,"US, CA, San Francisco",Y2016/1555
1929-06-16,_subject,"US, KY, Pendleton County",Y2016/1556
1928-12-18,_subject,,Y2016/1557
1928-12-20,_subject,"US, IN, Lawrence County",Y2016/1558
1916-10-21,_subject,"US, MO, Springfield",Y2016/1559
1939-03-12,_subject,"US, IL, Belleville",Y2016/1560
1955-08-10,_subject,,Y2016/1561
1946-03-17,_subject,"US, GA, Atlanta",Y2016/1562
1925-01-30,_subject,,Y2016/1565
1935-02-190,_subject,"US, OH, Cleves",Y2016/1566
1951-11-14,_subject,"US, CO, La Junta",Y2016/1567
,_subject,"US, KY, Louisville",Y2016/1568
1918-11-15,_subject,,Y2016/1569
1936-11-16,_subject,,Y2016/1570
1930-12-15,_subject,,Y2016/1571
1926-11-16,_subject,"US, NC, Rowan County",Y2016/1572
1939-03-04,_subject,"US, OH, Lima",Y2016/1573
1930-09-27,_subject,"US, TX, Comfort",Y2016/1574
1959-06-27,_subject,"US, TX, Fentress",Y2016/1575
1931-08-19,_subject,"US, IA, Red Oak",Y2016/1576
1931-09-08,_subject,"US, AR, Fouke",Y2016/1577
1930-09-15,_subject,"US, AR, Morrilton",Y2016/1578
1925-11-06,_subject,"US, OH, Mineral",Y2016/1579
1928-03-24,_subject,,Y2016/1580
1950-01-04,_subject,"US, ID, Lewiston",Y2016/1581
1925-05-15,_subject,,Y2016/1582
1952-04-20,_subject,"US, NJ, Trenton",Y2016/1583
1929-03-10,_subject,,Y2016/1584
1933-06-19,_subject,"US, PA, New Kensington",Y2016/1585
1930-01-29,_subject,,Y2016/1586
1929-01-02,_subject,"US, MA, Chelsea",Y2016/1587
1924-08-18,_subject,"US, TX, Crystal City",Y2016/1588
1930-06-04,_subject,"US, MO, St. Louis",Y2016/1589
1922-09-29,_subject,,Y2016/1590
1934-09-11,_subject,"US, CA, Hollywood",Y2016/1591
1933-10-26,_subject,"US, MN, St. Paul",Y2016/1592
1921-12-05,_subject,"US, MS, Shaw",Y2016/1593
1929-01-22,_subject,"US, OR, Portland",Y2016/1594
1933-03-20,_subject,"US, IL, St. Libory",Y2016/1595
1943-07-15,_subject,"US, CA, Long Beach",Y2016/1596
,_subject,"US, ND,",Y2016/1597
1924-09-10,_subject,"US, NJ, Morristown",Y2016/1598
1981-06-19,_subject,"US, CT, Meriden",Y2016/1600
1916-04-21,_subject,"US, MA, Adams",Y2016/1601
1941-10-30,_subject,"US, NJ, New Brunswick",Y2016/1604
1919-08-19,_subject,"US, CA, Newman",Y2016/1606
1974-07-06,_subject,,Y2016/1608
1921,_subject,"US, NY, Bronx",Y2016/1609
1945-02-10,_subject,"US, NJ, Camden",Y2016/1610
1929-03-16,_subject,,Y2016/1614
1932-11-14,_subject,,Y2016/1615
1927-04-30,_subject,,Y2016/1616
1930-06-15,_subject,,Y2016/1617
1949-05-18,_subject,"US, OK, Holdenville",Y2016/1619
1928-05-08,_subject,"US, DE, Rehoboth Beach",Y2016/1620
1928-07-22,_subject,"US, WI, Appleton",Y2016/1621
1938-08-14,_subject,"US, NC, Star",Y2016/1622
1940-07-08,_subject,"US, OH, Sidney",Y2016/1624
1934-07-25,_subject,"US, PA, Harrisburg",Y2016/1625
1923-12-30,_subject,,Y2016/1626
1930-02-09,_subject,"US, MT, Forsyth",Y2016/1627
1928,_subject,"US, PA, Philadelphia",Y2016/1628
1941-11-06,_subject,,Y2016/1629
1931-01-22,_subject,"US, ID, Lewiston",Y2016/1630
1930-08-10,_subject,"US, CT, Waterbury",Y2016/1631
1928-07-22,_subject,"US, WI, Appleton",Y2016/1632
1927-11-05,_subject,"US, LA, New Orleans",Y2016/1634
1929-07-06,_subject,"US, MO, St. Louis",Y2016/1636
,_subject,"US, PA, Phoenixville",Y2016/1637
1932-03-01,_subject,"US, MI, Petersburg",Y2016/1638
1913-11-09,_subject,"US, TX, Laredo",Y2016/1639
1928-07-12,_subject,,Y2016/1640
1926-10-12,_subject,"US, OH, Cleveland",Y2016/1641
1953-01-23,_subject,"US, NC, Kinston",Y2016/1642
1927-10-18,_subject,"US, NC, Chowan County",Y2016/1643
1925-06-23,_subject,"US, CA, Sacramento",Y2016/1644
,_subject,"US, MA, Greenfield",Y2016/1645
,_subject,"US, MO, Kansas City",Y2016/1646
1930-09-26,_subject,"US, MO, Kansas City",Y2016/1647
1947-01-20,_subject,"US, TX, Terrell",Y2016/1648
1919-06-27,_subject,"US, MO, Joplin",Y2016/1649
1947-01-12,_subject,"US, TX, Marshall",Y2016/1650
1932-02-13,_subject,"US, TX, Lyons",Y2016/1652
1941-12-27,_subject,"US, TN, Memphis",Y2016/1653
1926-01-04,_subject,"US, WI, Kenosha",Y2016/1654
1923-01-06,_subject,,Y2016/1655
1948,_subject,"US, TX, Austin",Y2016/1656
1927-03-13,_subject,"US, TX, Laredo",Y2016/1657
1950-04-05,_subject,,Y2016/1658
1930-07-29,_subject,"US, PA, Reading",Y2016/1659
1922-05-03,_subject,,Y2016/1660
1952-06-03,_subject,"US, CA, San Mateo",Y2016/1661
1924-02-15,_subject,"US, TN, Knoxville",Y2016/1662
1923-09-11,_subject,"US, AL, Reform",Y2016/1663
1924-04-29,_subject,"US, NY, Utica",Y2016/1664
1937-08-19,_subject,"US, MD, Baltimore",Y2016/1667
1928-12-25,_subject,,Y2016/1668
1932-05-07,_subject,"US, CT, Bridgeport",Y2016/1669
1958-03-27,_subject,,Y2016/1670
1926-05-27,_subject,"US, IL, Carterville",Y2016/1671
1941-08-31,_subject,"US, IL, West Frankfort",Y2016/1672
1935-09-24,_subject,"US, NC, Forsyth County",Y2016/1673
1925-01-07,_subject,"US, NJ, Atlantic City",Y2016/1674
1930-07-21,_subject,"US, CA, San Francisco",Y2016/1675
1929-10-09,_subject,"US, NC, Wayne County",Y2016/1676
,_subject,"US, La Habana, Havana",Y2016/1677
1934-11-30,_subject,,Y2016/1678
1943-02-16,_subject,"US, CA, Santa Cruz",Y2016/1679
1964-10-15,_subject,"US, AR, Pine Bluff",Y2016/1680
1931-06-26,_subject,"US, PA, Taylor",Y2016/1681
1927-11-26,_subject,"US, PA, Philadelphia",Y2016/1682
1924-08-31,_subject,"US, NY, Port Henry",Y2016/1683
1933-01-16,_subject,"US, WA, Tacoma",Y2017/1002
1944-01-28,_subject,"CA, ON, Galt",Y2017/1003
,_subject,"US, TN, Memphis",Y2017/1004
1930-10-29,_subject,"US, OH, Newton Falls",Y2017/1006
1929-04-24,_subject,"US, OH, Akron",Y2017/1007
1937-01-15,_subject,"US, MO, St. Louis",Y2017/1008
1947-09-18,_subject,"US, NC, Cleveland County",Y2017/1009
1920-12-25,_subject,"US, PA, Culbertson",Y2017/1010
1928-07-05,_subject,"US, NY, North Tonawanda",Y2017/1011
1935-04-08,_subject,"US, NJ, Bergen County",Y2017/1012
1937-04-09,_subject,,Y2017/1013
1919-05-12,_subject,"US, NC, Orange County",Y2017/1015
1929-06-16,_subject,"US, MO, St. Louis",Y2017/1016
1927-12-22,_subject,,Y2017/1018
1927-12-03,_subject,"US, NC, Cabarrus County",Y2017/1019
1925-09-11,_subject,"US, MN, St. Joseph",Y2017/1020
1940-01-28,_subject,"US, WI, Eau Claire",Y2017/1022
1926-08-15,_subject,"US, WA, Concrete",Y2017/1023
1947-04-12,_subject,"US, NY, Newburgh",Y2017/1026
1935-11-30,_subject,"US, NY, Buffalo",Y2017/1027
1934-02-05,_subject,"US, TX, Fort Worth",Y2017/1028
1936-03-11,_subject,"US, SC, Rock Hill",Y2017/1029
1925-08-26,_subject,"US, OH, Springfield",Y2017/1030
1927-02-21,_subject,"US, OH, Providence",Y2017/1031
1921-03-02,_subject,"US, PA, Kittanning",Y2017/1032
1972-11-01,_subject,"US, AL, Tuskegee",Y2017/1034
1927-12-06,_subject,"US, WV, Weirton",Y2017/1035
1937-10-06,_subject,,Y2017/1036
1946-09-04,_subject,"US, FL, Warrington",Y2017/1040
1966-08-08,_subject,"US, ID, Rupert",Y2017/1041
1920-12-16,_subject,"US, CT, Danbury",Y2017/1042
1932-07-14,_subject,"US, NC, Davidson County",Y2017/1043
1920-11-05,_subject,"US, IL, Vandalia",Y2017/1044
1927-01-04,_subject,"US, CA, Dunsmuir",Y2017/1045
1921-08-06,_subject,"US, NJ, Bayonne",Y2017/1046
1928-03-07,_subject,"US, CA, San Pedro",Y2017/1047
1930-08-13,_subject,"US, PA, West Deer Township",Y2017/1048
1935-09-06,_subject,"US, TN, Memphis",Y2017/1049
1954-11-26,_subject,,Y2017/1050
1930-05-10,_subject,"US, CA, Laytonville",Y2017/1052
,_subject,"US, IL, Chicago",Y2017/1053
1924-12-15,_subject,"US, AR, Greenwood",Y2017/1054
1937-08-09,_subject,"US, AR, Prairie Grove",Y2017/1055
1932-06-19,_subject,"US, WV, Parkersburg",Y2017/1056
1927-03-24,_subject,"US, AL, Haleyville",Y2017/1057
1975-06-17,_subject,,Y2017/1059
1931-11-26,_subject,"US, MA, Springfield",Y2017/1060
1937-06-29,_subject,"US, FL, Arcaida",Y2017/1061
1951-06-30,_subject,"US, OH, Canton",Y2017/1062
1927-08-17,_subject,"US, PA, Conneautville",Y2017/1063
1921-07-30,_subject,"US, PA, McKeesport",Y2017/1064
1936-03-23,_subject,"US, MA, Boston",Y2017/1066
1924-10-10,_subject,"US, NY, New York",Y2017/1067
1926-06,_subject,,Y2017/1068
1925-07-16,_subject,"US, NC, Charlotte",Y2017/1069
1959-12-09,_subject,,Y2017/1070
1929-07-20,_subject,"US, MI, Detroit",Y2017/1072
1931-12-29,_subject,"US, TX, Branchville",Y2017/1073
1934-10-20,_subject,,Y2017/1076
1976-07-21,_subject,"US, PA, Mt. Pleasant",Y2017/1077
1928-01-24,_subject,"US, TX, San Angelo",Y2017/1078
1923,_subject,"US, WA, Big Lake",Y2017/1079
,_subject,"US, CT, Meriden",Y2017/1080
1942-09-28,_subject,"US, NY, Bronx",Y2017/1081
1957-07-19,_subject,"US, NJ, Plainfield",Y2017/1082
1934-05-08,_subject,"US, WI, La Crosse",Y2017/1083
1947-02-08,_subject,"US, MO, Lebanon",Y2017/1085
1932-10-30,_subject,"US, OH, Wakeman",Y2017/1086
1947-12-22,_subject,"US, KY, Covington",Y2017/1087
1929-06-22,_subject,"US, IL, Campbell Hill",Y2017/1088
1946-08-25,_subject,"US, OH, Lorain",Y2017/1089
1926-07-10,_subject,"US, MA, North Andover",Y2017/1090
1934-01-30,_subject,,Y2017/1091
1918-12-21,_subject,"US, PA, Pittsburgh",Y2017/1092
1933-03-11,_subject,"US, TX, Chillicothe",Y2017/1093
1928-03-02,_subject,"US, NY, Mt. Kisco",Y2017/1094
1958-10-24,_subject,,Y2017/1095
1944,_subject,"US, CA, Los Angeles",Y2017/1096
1933-02-10,_subject,,Y2017/1097
1925-12-25,_subject,"US, OH, Ney",Y2017/1098
1931-04-14,_subject,"US, CA, Merced County",Y2017/1099
1929,_subject,"US, TX, El Paso",Y2017/1101
,_subject,"US, MO, St. Louis",Y2017/1102
1933,_subject,"US, MA, Somerville",Y2017/1103
1933-12-25,_subject,"US, OK, Guthrie",Y2017/1104
1932-05-12,_subject,"US, WI, Racine",Y2017/1106
1922-12-22,_subject,"US, TX, Houston",Y2017/1107
1950-07-27,_subject,,Y2017/1108
,_subject,"US, MA, Medford",Y2017/1109
1939-08-07,_subject,"US, TX, Houston",Y2017/1110
1926-10-24,_subject,"US, AZ, Phoenix",Y2017/1111
1934-01-31,_subject,"US, LA, Thibodaux",Y2017/1112
1956-04-07,_subject,"US, IL, Galesburg",Y2017/1113
1939-07-22,_subject,"US, IL, Springfield",Y2017/1114
1932-02-29,_subject,"US, NE, Overton",Y2017/1116
1933-02-27,_subject,,Y2017/1117
1953-08-26,_subject,,Y2017/1119
1924-11-04,_subject,"US, IN, Gary",Y2017/1120
1934-01-10,_subject,,Y2017/1121
1931-04-22,_subject,"US, NC, Goldsboro",Y2017/1122
1920-11-29,_subject,"US, MA, Milford",Y2017/1123
1934-05-11,_subject,"US, NY, Brooklyn",Y2017/1124
1931-01-11,_subject,,Y2017/1125
1929-12-15,_subject,,Y2017/1126
,_subject,"US, PA, Pittsburgh",Y2017/1127
1932-01-18,_subject,"US, GA, Fort Benning",Y2017/1128
1931-10-14,_subject,,Y2017/1130
,_subject,"US, NJ, Montclair",Y2017/1131
1951-01-10,_subject,,Y2017/1132
1930-05-31,_subject,"US, PA, McKeesport",Y2017/1133
1927-10-15,_subject,"US, CA, San Francisco",Y2017/1134
1924-01-17,_subject,"US, OK, Healdton",Y2017/1136
1923-09-26,_subject,"US, CT, Middletown",Y2017/1137
1931-08-06,_subject,,Y2017/1138
1934-03-25,_subject,"US, ME, Calais",Y2017/1139
1939-06-12,_subject,"US, IL, Augusta",Y2017/1141
,_subject,"US, TX, Luling",Y2017/1142
1939-08-22,_subject,"US, AL, Blanton",Y2017/1143
1948-09-29,_subject,"US, OK, Tahlequah",Y2017/1144
1945-03-10,_subject,"US, ND, Drayton",Y2017/1145
1924-08-19,_subject,"US, GA, Cedartown",Y2017/1146
1922-11-06,_subject,"US, OH, Cleveland",Y2017/1147
1915-08-08,_subject,,Y2017/1148
1934-06-10,_subject,"US, AR, Bono",Y2017/1149
1933-05-16,_subject,"US, NY, New York",Y2017/1150
1927-10-21,_subject,"US, OK, Clarita",Y2017/1151
1927,_subject,"US, NY, Albany",Y2017/1152
1928-04-17,_subject,"US, MO, St. Louis",Y2017/1153
1939-04-16,_subject,"US, NY, Cambridge",Y2017/1154
1928-04-03,_subject,"US, TN, Nashville",Y2017/1155
1934-08-04,_subject,,Y2017/1156
1934-08-04,_subject,"US, DE, Wilmington",Y2017/1157
1932-08-03,_subject,,Y2017/1158
1930-04-30,_subject,"US, KS, Circleville",Y2017/1159
,_subject,"US, CA, San Francisco",Y2017/1160
1935-09-27,_subject,"US, SD, Sioux Falls",Y2017/1161
1926-09-27,_subject,"US, NJ, Jersey City",Y2017/1162
1922-05-02,_subject,,Y2017/1163
1932,_subject,,Y2017/1165
1962-09-28,_subject,"US, WI, Milwaukee",Y2017/1167
1928-10-22,_subject,"CA, AB, Calgary",Y2017/1168
1949-03-28,_subject,"US, PA, West Reading",Y2017/1169
1930-02-16,_subject,"US, LA, Pleasant Hill",Y2017/1170
1928-08-09,_subject,"US, WI, Shawano",Y2017/1171
1928-09-25,_subject,"US, NY, Lackawanna",Y2017/1172
1928-09-25,_subject,,Y2017/1173
1930-08-03,_subject,,Y2017/1174
1958-11-07,_subject,,Y2017/1175
1923-10-06,_subject,"US, LA, New Orleans",Y2017/1176
1935-08-19,_subject,"US, PA, Meadville",Y2017/1177
1923-02-13,_subject,"US, MO, Mayview",Y2017/1178
1922-01-17,_subject,"US, CA, Los Angeles",Y2017/1179
1934-09-16,_subject,,Y2017/1181
,_subject,"US, OH, Monclova",Y2017/1182
1932-08-12,_subject,"US, NY, White Plains",Y2017/1183
1936-03-22,_subject,"US, OR, Jameson",Y2017/1184
,_subject,"MX, Tamaulipas, Nuevo Laredo",Y2017/1185
,_subject,"US, TN, Kingsport",Y2017/1187
1931-07-28,_subject,"US, CT, North Grosvenordale",Y2017/1188
1932-11-15,_subject,"US, OH, Cleveland",Y2017/1189
1927-02-12,_subject,"US, MI, Detroit",Y2017/1190
1932-11-14,_subject,,Y2017/1192
1930-09-28,_subject,"US, NJ, Newark",Y2017/1193
1949-01-22,_subject,,Y2017/1194
1930-08-12,_subject,"US, PA, Reading",Y2017/1195
1924-12-02,_subject,,Y2017/1197
1925-10-02,_subject,"US, OH, Youngstown",Y2017/1198
1922-09-01,_subject,"US, MD, Hagerstown",Y2017/1199
1938-10-25,_subject,"US, MA, Dover",Y2017/1200
1935-01-26,_subject,"US, IN, New Albany",Y2017/1201
1963-07-19,_subject,"US, FL, Miami",Y2017/1202
1969-08-12,_subject,"US, CA, Orange",Y2017/1203
1929-06-09,_subject,"US, OK, Shawnee",Y2017/1204
1926-01-22,_subject,"US, IN, New Bethel",Y2017/1205
1931-05-01,_subject,"US, ID, Kellogg",Y2017/1206
1945-03-28,_subject,,Y2017/1207
1937-08-03,_subject,"US, PA, Norristown",Y2017/1209
1927-02-23,_subject,"US, GA, Atlanta",Y2017/1210
1982-08-29,_subject,"US, SC, Lexington",Y2017/1211
1950-05-14,_subject,"US, SC, Anderson",Y2017/1212
1930-11-21,_subject,,Y2017/1213
1927,_subject,"US, PA, Freeland",Y2017/1214
1929-08-29,_subject,"US, PA, Greencastle",Y2017/1215
1928-07-21,_subject,"US, IL Shelby County",Y2017/1216
1961-01-10,_subject,"US, TN, Cookeville",Y2017/1217
1933-04-04,_subject,"US, PA, Indianola",Y2017/1218
1922-01-21,_subject,,Y2017/1220
1919-08-11,_subject,,Y2017/1221
1926-12-06,_subject,"US, NY, New York",Y2017/1222
1923-05-18,_subject,"US, LA, New Orleans",Y2017/1223
1936-03-21,_subject,"US, GA, Valdosta",Y2017/1224
1933-03-08,_subject,,Y2017/1226
1993-03-16,_subject,"US, MO, Lees Summit",Y2017/1227
1992-03-21,_subject,,Y2017/1228
1924-05-02,_subject,,Y2017/1231
1952,_subject,,Y2017/1232
1930-12-07,_subject,,Y2017/1233
1986-11-29,_subject,"US, CA, Stockton",Y2017/1234
1929-07-30,_subject,"US, WI, Sheboygan",Y2017/1236
1947-08-04,_subject,"US, CT, New Britain",Y2017/1238
,_subject,"US, CT, Bridgeport",Y2017/1239
1933-10-01,_subject,"US, AL, Pell City",Y2017/1240
1936-10-30,_subject,,Y2017/1241
1925-02-23,_subject,"US, MN, St. Paul",Y2017/1244
1939-06-07,_subject,"US, NJ, Somerville",Y2017/1245
1921-11-11,_subject,,Y2017/1246
1921-11-11,_subject,"US, TX, Houston",Y2017/1247
1930-11-24,_subject,"US, TX, Fort Worth",Y2017/1248
1917-11-17,_subject,"US, IL, Chicago",Y2017/1249
1924-05-13,_subject,,Y2017/1250
1937-10-20,_subject,"US, IN, Gary",Y2017/1251
1929-03-24,_subject,"US, CA, San Francisco",Y2017/1252
1933-11-28,_subject,"US, AL, Vernon",Y2017/1253
1919-11-01,_subject,"US, IL, Pinckneyville",Y2017/1254
1933-01-05,_subject,"US, LA, Shreveport",Y2017/1255
1923-05-28,_subject,,Y2017/1256
1950-10-23,_subject,"US, KS, Hillsboro",Y2017/1257
1924-03-05,_subject,"US, MI, Wyandotte",Y2017/1258
1933-12-01,_subject,,Y2017/1259
1935-02-02,_subject,"US, PA, Philadelphia",Y2017/1260
1927-03-31,_subject,"US, IL, Evanston",Y2017/1262
1927-02-09,_subject,"US, MD, Baltimore",Y2017/1263
1933,_subject,"US, NY, Brooklyn",Y2017/1264
1931-10-23,_subject,"US, KY, Southgate",Y2017/1265
1925,_subject,"US, NJ, Jersey City",Y2017/1266
1933,_subject,,Y2017/1267
1920-07-29,_subject,"US, MA, Haverhill",Y2017/1268
1955-09-26,_subject,"US, ND, Grand Forks",Y2017/1269
1931-10-23,_subject,"US, KY, Covington",Y2017/1270
1984-10-02,_subject,"US, ID, Salmon",Y2017/1271
1935-04-25,_subject,"US, CA, Santa Barbara",Y2017/1272
1925-07-27,_subject,"US, DE, Delaware City",Y2017/1273
1929-11-25,_subject,"US, NY, Rockland Lake",Y2017/1274
1933-10-09,_subject,"US, CA, Wilmington",Y2017/1275
1944-11-05,_subject,"US, LA, Zachary",Y2017/1276
1929-11-15,_subject,"US, AZ, Tucson",Y2017/1277
1928-03-01,_subject,"US, IN, Gary",Y2017/1278
1936-11-20,_subject,"US, NC, Cool Spring",Y2017/1279
1928-12-12,_subject,"US, PA, Kane",Y2017/1280
1930-01-14,_subject,"US, MN, Blackduck",Y2017/1281
1936-07-27,_subject,"US, UT, Ogden",Y2017/1282
1925-05-19,_subject,,Y2017/1283
1929-07-19,_subject,"US, PA, Taylor",Y2017/1284
1933-11-18,_subject,"US, SC, North Augusta",Y2017/1285
1929-11-14,_subject,"US, CT, Waterbury",Y2017/1286
1968-11-26,_subject,"DO, ,",Y2017/1287
1919-11-30,_subject,"US, AR, Viola",Y2017/1288
1930-07-13,_subject,"US, AL, Cullman",Y2017/1289
1917-10-31,_subject,"US, MO, Higginsville",Y2017/1290
1942-07-22,_subject,"US, NC, Washington",Y2017/1291
1926-10-27,_subject,"US, WA, Lacrosse",Y2017/1292
1926-09-10,_subject,"US, NY, Buffalo",Y2017/1293
1948-02-15,_subject,"US, CT, New Haven",Y2017/1294
1935-07-28,_subject,"US, NJ, Rahway",Y2017/1296
1933-11-20,_subject,"US, PA, Lancaster",Y2017/1297
1930-10-08,_subject,"US, UT, Logan",Y2017/1298
1940-04-24,_subject,"US, MD, Hancock",Y2017/1299
1928-08-21,_subject,"US, NY, Brooklyn",Y2017/1300
1927-07-17,_subject,"US, MA, Pittsfield",Y2017/1301
1945-11-09,_subject,"US, GA, Rockmart",Y2017/1302
1927-10-16,_subject,"US, CA, Ceres",Y2017/1303
1935-03-14,_subject,"US, IN, Indianapolis",Y2017/1304
1931-04-02,_subject,"US, NY, Amsterdam",Y2017/1305
1933,_subject,"US, MA, Norton",Y2017/1307
1936-08-15,_subject,"US, NY, Staten Island",Y2017/1308
1943-05-29,_subject,,Y2017/1310
1935-6-29,_subject,"US, NY, Brooklyn",Y2017/1311
1938-12-21,_subject,,Y2017/1312
1927-12-15,_subject,,Y2017/1313
1930-11-20,_subject,"US, IN, Muncie",Y2017/1314
1931-08-28,_subject,,Y2017/1315
1946-06-15,_subject,,Y2017/1316
1934-06-15,_subject,"US, OH, Bryan",Y2017/1317
1939-05-17,_subject,"US, CA, San Francisco",Y2017/1318
1934-06-29,_subject,"US, OH, Key",Y2017/1319
1926-01-12,_subject,"US, NY, New York",Y2017/1320
1928-09-22,_subject,"US, NY, New York",Y2017/1321
1925-12-20,_subject,"US, SC, Greenwood",Y2017/1322
1947-09-28,_subject,"US, NY, Long Island",Y2017/1323
1926-07-09,_subject,"US, WI, Cassel",Y2017/1324
1935-03-22,_subject,"US, TX, Childress",Y2017/1325
1926-12-22,_subject,"US, NY, Croton-on-Hudson",Y2017/1326
1939-01-17,_subject,"US, PA, Kane",Y2017/1327
1971-01-17,_subject,"US, IL, Chicago",Y2017/1328
1947-07-08,_subject,"US, PA, Pittsburgh",Y2017/1329
1927-05-25,_subject,"US, WI, Watertown",Y2017/1330
1939-01-30,_subject,"US, IL, Salem",Y2017/1331
,_subject,"US, NY, Hornell",Y2017/1333
1928-09-11,_subject,"US, MA, Holden",Y2017/1334
1957-02-28,_subject,"US, GA, Dallas",Y2017/1335
1930-11-10,_subject,"US, OK, Muskogee",Y2017/1336
1944,_subject,,Y2017/1337
1928-07-09,_subject,,Y2017/1338
1920-11-26,_subject,,Y2017/1339
1927-06-28,_subject,"US, NY, New York",Y2017/1340
1936-04-07,_subject,"US, NY, Cleveland",Y2017/1341
1942-06-04,_subject,"US, SC, Charleston",Y2017/1342
1933-02-09,_subject,"US, OH, Middleport",Y2017/1343
1924-07-10,_subject,"US, WV, Huntington",Y2017/1344
1929-03-17,_subject,"US, MO, Kansas City",Y2017/1345
1940-08-04,_subject,,Y2017/1346
,_subject,"US, MT, Fairfield",Y2017/1347
1927-04-09,_subject,"US, AR, Little Rock",Y2017/1348
1929-12-18,_subject,"US, MN, Winona",Y2017/1349
1984-04-26,_subject,"US, WA, Anacortes",Y2017/1350
1929-08-21,_subject,,Y2017/1353
1938-01-11,_subject,"US, IN, South Bend",Y2017/1354
1933-08-06,_subject,"US, CA, Sacramento",Y2017/1355
,_subject,"US, NY, Oneonta",Y2017/1356
1976-04-13,_subject,"US, SC, Columbia",Y2017/1357
1936-07-27,_subject,"US, AR, Viola",Y2017/1358
1940-02-16,_subject,"US, IL, Rockwood",Y2017/1359
1973-11-15,_subject,,Y2017/1360
1928-06-03,_subject,"US, IL, Chicago Heights",Y2017/1361
1936,_subject,"US, CA, San Francisco",Y2017/1362
1932-06-12,_subject,"US, PA, Plymouth Township",Y2017/1363
1963-07-08,_subject,"US, MO, Joplin",Y2017/1364
1927,_subject,"US, NJ, Vineland",Y2017/1365
1979-05-29,_subject,"US, IL, Belleville",Y2017/1366
1930-10-08,_subject,"US, TX, Galveston",Y2017/1368
1930-02-09,_subject,"US, CA, Sacramento",Y2017/1369
1937-05-05,_subject,"US, CT, Norwich",Y2017/1370
1933,_subject,"US, NC, New Bern",Y2017/1372
1948-08-05,_subject,"US, SC, Bamberg",Y2017/1373
1931-05-30,_subject,"US, MI, Ecorse",Y2017/1374
1916-07-03,_subject,"US, PA, Star Junction",Y2017/1375
1977-07-20,_subject,"US, OK, Vinita",Y2017/1376
1952-04-06,_subject,"US, IL, Carbondale",Y2017/1377
1936-06-21,_subject,"US, CA, Weed",Y2017/1385
1952-01-01,_subject,"US, MA, Boston",Y2017/1386
1927-09-15,_subject,"US, OK, Blackwell",Y2017/1387
1922-07-28,_subject,,Y2017/1388
1932-01-07,_subject,"US, CA, Sacramento",Y2017/1389
1929-06-27,_subject,,Y2017/1390
1943-03-23,_subject,"US, AL, Birmingham",Y2017/1391
1925,_subject,"US, PA, Uniondale",Y2017/1392
1951-07-08,_subject,"US, FL, Malabar",Y2017/1393
1914-11-20,_subject,"US, PA, Nazareth",Y2017/1394
1928-08-05,_subject,"US, OK, Moffett",Y2017/1395
