date,person,place,source
1900-10-29,_subject,"US, TX, Galveston",Y1900/1001
1901-07-17,_subject,"US, NY, New York",Y1901/1001
1906-02-18,_subject,"US, CA, Santa Cruz",Y1906/1001
1907-09-01,_subject,"US, GA, Tybee Island",Y1907/1001
1917-08-02,_subject,"US, OH, Magnetic Springs",Y1917/1001
,_subject,"US, AR, Russellville",Y1918/1001
1922-10-20,_subject,"US, PA, Philadelphia",Y1922/1001
1926-07-03,_subject,"US, IN, Evansville",Y1926/1001
1926-07-03,_subject,"US, IN, Evansville",Y1926/1002
1927-02-11,_subject,"US, TX, Gilmer",Y1927/1001
1928-07,_subject,"US, PA, Chester",Y1928/1001
1929-01-24,_subject,"US, TX, San Angelo",Y1929/1001
1929-04-01,_subject,"US, CA, Merced",Y1929/1002
1930-09-03,_subject,"US, MO, New Madrid",Y1930/1001
1931-11-15,_subject,"US, OH, Ironton",Y1931/1001
1932-12-17,_subject,"US, OH, Zanesville",Y1932/1001
1934-06-10,_subject,"US, TX, El Paso",Y1934/1001
1934-07-27,_subject,"US, TN, Nashville",Y1934/1002
1936-07-04,_subject,"US, WA, Seattle",Y1936/1001
1936-03-06,_subject,"US, NY, Poughkeepsie",Y1936/1002
1936-03-27,_subject,"US, IN, Wheeler",Y1936/1003
1937-02-14,_subject,,Y1937/1001
1937-10-26,_subject,"US, DC, Washington",Y1937/1002
1938-05-19,_subject,"US, PA, Shamokin",Y1938/1001
1939-03-15,_subject,"US, PA, York",Y1939/1001
1939-10-02,_subject,"US, SC, Charleston",Y1939/1002
1939-07-21,oral,"US, MI, Grand Rapids",Y1939/1003
1940-11-07,_subject,"US, PA, Sharon",Y1940/1001
1940-09-28,_subject,"US, OH, Bettsville",Y1940/1002
1941-01-04,_subject,,Y1941/1001
1941-03-09,_subject,"CA, ON, Kingston",Y1941/1002
1941-02-09,_subject,"US, IN, Richmond",Y1941/1003
1942-12-03,_subject,"US, PA, Harrisburg",Y1942/1001
1942-02-26,_subject,"US, PA, Philadelphia",Y1942/1002
1943-07-06,_subject,"US, NY, Brooklyn",Y1943/1001
1943-05-06,_subject,"US, IL, Springfield",Y1943/1002
1944-04-12,_subject,,Y1944/1001
1946-08-19,_subject,"US, PA, Hanover",Y1946/1001
1947-07-23,_subject,"US, PA, Kingston",Y1947/1001
1947-05-13,_subject,"US, NM, Albuquerque",Y1947/1002
1948-11-18,_subject,"US, MA, Hyannis",Y1948/1001
1949-10-14,_subject,"US, CA, San Francisco",Y1949/1001
1950-07-05,_subject,"US, TX, Monahans",Y1950/1001
1950-10-17,_subject,"US, IL, Pekin",Y1950/1002
1950-09-13,_subject,"US, FL, Tampa",Y1950/1003
1951-09-30,_subject,"US, MO, Joplin",Y1951/1001
1951-04-12,_subject,"US, PA, East Coventry Township",Y1951/1002
1952-10-19,_subject,"US, WA, Yakima",Y1952/1001
1953-08-02,_subject,"US, KS, Basehor",Y1953/1001
1953-12-29,_subject,"US, IN, McCordsville",Y1953/1002
1954-12-09,_subject,"US, TX, Corsicana",Y1954/1001
1954-06-02,_subject,"US, OH, Dover",Y1954/1002
1955-10-09,_subject,"US, OK, Miami",Y1955/1001
1955-12-08,_subject,"US, GA, Augusta",Y1955/1002
1956-01-17,_subject,"US, OH, Dover",Y1956/1001
1956-11-12,_subject,"US, OH, Akron",Y1956/1002
1957-07-16,_subject,"US, NY, Syracuse",Y1957/1001
1958-04-01,_subject,"US, CT, Litchfield",Y1958/1001
1958-11-14,_subject,"US, IN, Lafayette",Y1958/1002
1958-02-13,_subject,"US, PA, Shamokin",Y1958/1003
1958-03-28,_subject,"US, MI, Detroit",Y1958/1004
1959-02-24,_subject,"US, PA, Coal Township",Y1959/1001
1960-11-28,_subject,"US, OH, Springfield",Y1960/1001
1960-08-11,_subject,"US, CT, Hartford",Y1960/1002
1961-01-27,_subject,"US, TX, Texas City",Y1961/1001
1961-12-30,_subject,"US, TN, Lawrenceburg",Y1961/1002
1961-10-05,_subject,"US, VA, Richmond",Y1961/1003
1961-05-12,_subject,"US, WV, Oak Hill",Y1961/1004
1961-04-04,_subject,"US, OH, Columbus",Y1961/1005
1961-03-25,_subject,"US, KY, Louisville",Y1961/1006
1961-01-27,_subject,"US, TX, Texas City",Y1961/1007
1962-10-10,_subject,"US, CA, Watsonville",Y1962/1001
1963-01-07,_subject,"US, TX, Corsicana",Y1963/1001
1963-02-09,_subject,"US, CA, Redding",Y1963/1002
1964-07-01,_subject,"US, KS, Wichita",Y1964/1001
1964-06-22,_subject,"US, PA, Clearfield",Y1964/1002
1964-06-20,_subject,"US, TX, Livingston",Y1964/1003
1965-02-25,_subject,"US, CA, San Diego",Y1965/1001
1965-11-08,_subject,,Y1965/1002
1967-12-28,_subject,"US, CT, Waterbury",Y1967/1001
1967-03-12,_subject,"US, VA, Danville",Y1967/1002
1967-01-10,_subject,"US, MI, Benton Harbor",Y1967/1003
1967-04-11,_subject,"US, GA, Dublin",Y1967/1004
1968-08-20,_subject,"US, MD, Baltimore",Y1968/1001
1968-08-07,_subject,"US, PA, Montoursville",Y1968/1002
1968-12-18,_subject,"US, AZ, Scottsdale",Y1968/1003
1969-04-27,_subject,,Y1969/1001
1970-05-18,_subject,"US, WI, Neenah",Y1970/1001
1970-11-24,_subject,"US, IN, Bloomington",Y1970/1002
1971-07-25,_subject,"US, NC, Mebane",Y1971/1001
1971,_subject,,Y1971/1002
1971-10-16,_subject,"US, OH, Zanesville",Y1971/1003
1971-08-04,_subject,"US, MO, Maryville",Y1971/1004
1973-08-23,_subject,"US, NV, Reno",Y1973/1001
1973-12-05,_subject,"US, NC, Reidsville",Y1973/1002
1974-08-18,_subject,"US, FL, Bradenton",Y1974/1001
1974-04-16,_subject,"US, CA, Santa Cruz",Y1974/1002
1974-11-06,_subject,"US, VA, Richmond",Y1974/1003
1975-06-24,_subject,"US, OH, Athens",Y1975/1001
1975-11-19,_subject,"US, NY, Troy",Y1975/1002
1976-10-04,_subject,"US, PA, Kittanning",Y1976/1001
1976-03-31,_subject,"US, NC, Burlington",Y1976/1002
1977-04-14,_subject,"US, IL, Freeport",Y1977/1001
1977-05-16,_subject,"US, TN, Kingsport",Y1977/1002
1977-01-01,_subject,"US, CT, Bridgeport",Y1977/1003
1977-07-19,_subject,,Y1977/1005
1978-07-27,_subject,"US, PA, North East",Y1978/1001
1978-03-20,_subject,"US, IL, Clinton",Y1978/1002
1979-09-16,_subject,"US, CA, Santa Cruz",Y1979/1001
1979-02-19,_subject,,Y1979/1002
1979-07-15,_subject,"US, OH, Cleveland",Y1979/1003
1979-06-18,_subject,"US, MI, Temperance",Y1979/1004
1979-04-28,_subject,"CA, ON, London",Y1979/1005
1980-06-08,_subject,,Y1980/1001
1982-07-07,_subject,"US, IL, Hines",Y1982/1001
1982-10-25,_subject,"US, IN, Evansville",Y1982/1002
1983-04-10,_subject,,Y1983/1001
1984-09-23,_subject,"US, RI, Woonsocket",Y1984/1001
1984-06-09,_subject,"US, RI, Warwick",Y1984/1002
1984-04-27,_subject,"US, CA, Chula Vista",Y1984/1003
1985-03-30,_subject,"US, OH, Youngstown",Y1985/1001
1985-08-21,_subject,"US, RI, Providence",Y1985/1002
1985-01-24,_subject,,Y1985/1003
1985-11-13,_subject,"US, CA, Pine Valley",Y1985/1004
1985-05-26,_subject,"US, NC, Asheville",Y1985/1005
1986-08-21,_subject,"US, PA, Lock Haven",Y1986/1001
1986-01-06,_subject,,Y1986/1002
1986-07-06,_subject,"US, PA, Chester",Y1986/1003
1987-07-30,_subject,"US, CA, Loma Linda",Y1987/1001
1987-07-06,_subject,"US, CA, San Diego",Y1987/1002
1989-04-07,_subject,"US, PA, Pittsburgh",Y1989/1001
1991-03-15,_subject,"US, NY, Boonville",Y1991/1001
1992-07-13,_subject,"US, PA, Allentown",Y1992/1001
1992-07-13,_subject,"US, MA, Northbridge",Y1992/1002
1993-10-27,_subject,"US, CA, Santa Clara County",Y1993/1001
1993-12-22,_subject,"US, AZ, Scottsdale",Y1993/1002
1993-06-24,_subject,,Y1993/1003
1993-03-31,_subject,"US, NC, Kings Mountain",Y1993/1004
1993-05-12,_subject,"US, PA, Jennerstown",Y1993/1005
1993-08-18,_subject,"US, IL, Litchfield",Y1993/1006
1994-03-17,_subject,"US, TX, Texas City",Y1994/1001
1994-03-11,_subject,"US, MD, Hagerstown",Y1994/1002
1994-04-09,_subject,"US, DE, Lewes",Y1994/1003
1994-04-29,_subject,"US, FL, Fort Myers",Y1994/1004
1994-06-07,_subject,"US, MA, Barre",Y1994/1005
1994-06-15,_subject,"US, OH, Cleveland",Y1994/1006
1994-12-15,_subject,"US, MO, Chesterfield",Y1994/1007
1994-07-07,_subject,"US, MI, Pontiac",Y1994/1008
1994-09-16,_subject,"US, MD, Cockeysville",Y1994/1009
1994-05-30,_subject,"US, FL, Sebring",Y1994/1010
1995-02-04,_subject,"US, SC, Columbia",Y1995/1001
1995-02-08,_subject,"US, WI, Whitehall",Y1995/1002
1995-03-12,_subject,"US, OH, Cleveland",Y1995/1003
1995-04-05,_subject,"US, PA, Allentown",Y1995/1004
1995-05-19,_subject,"US, NY, Queens",Y1995/1005
1995-05-29,_subject,"US, AZ, Sun City West",Y1995/1006
1995-07-27,_subject,"US, LA, New Orleans",Y1995/1007
1995-09-20,_subject,"US, FL, Broward County",Y1995/1008
1995-10-14,_subject,"US, IL, Chicago",Y1995/1009
1995,_subject,,Y1995/1010
1996-02-12,_subject,"US, OH, Warren County",Y1996/1001
1996-05-29,_subject,"US, OH, Cleveland",Y1996/1002
1996-06-01,_subject,"US, NC, Asheville",Y1996/1003
1996-07-28,_subject,"US, LA, Homer",Y1996/1004
1996-08-01,_subject,"US, CA, San Andreas",Y1996/1005
1996-10-01,_subject,"US, PA, Bethlehem",Y1996/1006
1996-11-14,_subject,,Y1996/1007
1996-11-09,_subject,"US, FL, DeLand",Y1996/1008
1996-11-20,_subject,"US, IL, Benton",Y1996/1009
1996-04,_subject,,Y1996/1010
1996-01-25,_subject,,Y1996/1011
1997-02-04,_subject,"US, FL, Palm Beach County",Y1997/1001
1997-04-25,_subject,,Y1997/1002
1997-05-05,_subject,"US, TX, Dripping Springs",Y1997/1003
1997-05-19,_subject,"US, FL, St. Lucie County",Y1997/1004
1997-06-05,_subject,,Y1997/1005
1997-08-22,_subject,"US, NV, Las Vegas",Y1997/1006
1997-10-11,_subject,"US, WA, Kennewick",Y1997/1007
1997-11-22,_subject,"US, CT, Middletown",Y1997/1008
1998-01-23,_subject,"US, GA, Trenton",Y1998/1001
1998-02-18,_subject,"US, OH, Willoughby",Y1998/1002
1998-02-20,_subject,"US, OH, Akron",Y1998/1003
1998-04-12,_subject,"US, CT, Manchester",Y1998/1004
1998-05-19,_subject,,Y1998/1005
1998-05-22,_subject,"US, FL, Daytona Beach",Y1998/1006
1998-06-20,_subject,"US, NJ, Edison",Y1998/1007
1998-09-20,_subject,"US, MA, Holyoke",Y1998/1008
1998-10-26,_subject,"US, TX, Midland County",Y1998/1009
1998-12-09,_subject,"US, AR, Rogers",Y1998/1010
1998-07-12,_subject,"US, NJ, Atco",Y1998/1011
1999-01-30,_subject,"US, KS, Junction City",Y1999/1001
1999-02-19,_subject,,Y1999/1002
1999-06-26,_subject,"US, SC, Spartanburg",Y1999/1003
1999-09-18,_subject,"US, TX, Fort Worth",Y1999/1004
1999-09-20,_subject,,Y1999/1005
1999-07-27,_subject,"US, GA, Hartwell",Y1999/1006
1999-12-23,_subject,"US, NJ, Raritan Township",Y1999/1007
2000-11-24,_subject,"US, PA, Sharon",Y2000/1001
2000-08-11,_subject,,Y2000/1002
2001-09-05,_subject,"US, FL, Melbourne",Y2001/1001
2001-11-05,_subject,"US, IA, North Liberty",Y2001/1002
2001-04-29,_subject,"US, DE, Smyrna",Y2001/1003
2001-02-07,_subject,"US, LA, Chalmette",Y2001/1004
2002-12-31,_subject,"US, TX, Houston",Y2002/1001
2002-04-25,_subject,"US, RI, Warwick",Y2002/1002
2002-05-17,_subject,"US, CA, Orinda",Y2002/1003
2002-01-26,_subject,"US, SC, Greenville",Y2002/1004
2002-01-11,_subject,"US, CA, Napa",Y2002/1005
2003-10-08,_subject,"US, FL, North Miami",Y2003/1001
2003-06-13,_subject,"US, SC, Greenwood",Y2003/1002
2003-12-25,_subject,,Y2003/1003
2003-08-18,_subject,"US, OH, Massillon",Y2003/1004
2004-05-18,_subject,"US, OH, Cincinnati",Y2004/1001
2004-06-05,_subject,"AU, Queensland, Brisbane",Y2004/1002
2004-03-27,_subject,,Y2004/1003
2005-02-08,_subject,"US, CA, Torrance",Y2005/1001
2005-06-17,_subject,"US, LA, Lake Charles",Y2005/1002
2005,_subject,"US, MO, Stafford",Y2005/1003
2006-04-12,_subject,"US, CA, Mission Viejo",Y2006/1001
2006-07-17,_subject,"US, SC, Greenville",Y2006/1002
2006-04-23,_subject,"US, IL, Rockford",Y2006/1003
2006-05-04,_subject,"US, CA, Calexico",Y2006/1004
2006-07-16,_subject,,Y2006/1005
2006-12-01,_subject,"US, CA, Costa Mesa",Y2006/1006
2006-07-02,_subject,,Y2006/1007
2007-05-02,_subject,"US, PA, McMurray",Y2007/1001
2007-05-12,_subject,"US, NC, Brevard",Y2007/1002
2007-04-08,_subject,"MX, Sinaloa, Culiacan",Y2007/1003
2008-04-17,_subject,"DO,  San Pedro de Macoris,  San Pedro de Macoris",Y2008/1001
2008-03-04,_subject,"MX, Veracruz, Xalapa",Y2008/1002
2008-09-22,_subject,,Y2008/1003
2009-10-16,_subject,,Y2009/1001
2009-01-02,_subject,"MX, Distrito Federal, Mexico City",Y2009/1002
2009-06-08,_subject,,Y2009/1003
2010-11-15,_subject,"US, IL, Carterville",Y2010/1001
2010-07-09,_subject,"MX, Tamaulipas, Nuevo Laredo",Y2010/1002
2010-03-30,_subject,"MX, Veracruz, Poza Rica",Y2010/1003
2011-10-17,_subject,,Y2011/1010
2011-09-19,_subject,"US, KY, Owensboro",Y2011/1011
2011-07-02,_subject,"US, IA, Cedar Rapids",Y2011/1012
2011-11-27,_subject,"US, WI, Wausau",Y2011/1013
2011-03-27,_subject,,Y2011/1014
2011-08-22,_subject,"US, IL, Streator",Y2011/1015
2012-02-19,_subject,"US, OR, Medford",Y2012/1001
2012-06-11,_subject,"US, OH, Portsmouth",Y2012/1002
2012-08-11,_subject,"CA, QC, Trois-Rivieres",Y2012/1003
2013-02-03,_subject,,Y2013/1001
2013-09-24,_subject,,Y2013/1002
2013-01-30,_subject,"US, IN, Elkhart",Y2013/1003
2013-10-09,_subject,,Y2013/1004
2013-10-03,_subject,"US, NC, Fuquay-Varina",Y2013/1005
2013-09-14,_subject,,Y2013/1006
2013-12-22,_subject,,Y2013/1007
2013-08-02,_subject,"US, MO, Creve Coeur",Y2013/1008
2013-09-04,_subject,,Y2013/1009
2013-02-25,_subject,,Y2013/1010
2013-09-01,_subject,,Y2013/1011
2014-06-23,_subject,"US, CA, Chico",Y2014/1001
2014-04-16,_subject,,Y2014/1002
2014-04-20,_subject,,Y2014/1003
2014-04-13,_subject,"US, IL, Belleville",Y2014/1004
2014-04-01,_subject,"US, MI, Lansing",Y2014/1005
2014-04-12,_subject,,Y2014/1006
2014-03-31,_subject,"US, GA, LaGrange",Y2014/1007
2014-04-08,_subject,,Y2014/1008
2014-04-04,_subject,"US, OH, Toledo",Y2014/1009
2014-04-04,_subject,"US, NC, Trinity",Y2014/1010
2014-04-11,_subject,"US, TX, Round Rock",Y2014/1011
2014-04-14,_subject,"US, OK, Duncan",Y2014/1012
2014-04-24,_subject,"US, PA, Danville",Y2014/1013
2014-03-12,_subject,"US, NH, Littleton",Y2014/1014
2014-04-05,_subject,"US, CT, Stratford",Y2014/1015
2014-03-31,_subject,"US, ME, Scarborough",Y2014/1016
2014-04-12,_subject,,Y2014/1017
2014-04-23,_subject,"CU, La Habana, Havana",Y2014/1018
2014-04-07,_subject,"MX, Oaxaca, Oaxaca",Y2014/1019
2014-04-10,_subject,,Y2014/1020
2014-04-11,_subject,"US, PA, Scranton",Y2014/1021
2014-04-11,_subject,"US, NJ, Long Branch",Y2014/1022
2014-04-16,_subject,"US, IN, Evansville",Y2014/1023
2014-04-01,_subject,"US, CA, Danville",Y2014/1024
2014-04-12,_subject,"US, IL, Anna",Y2014/1025
2014-04-22,_subject,,Y2014/1026
2014-04-13,_subject,"US, RI, Providence",Y2014/1027
2014-04-18,_subject,,Y2014/1028
2014-04-16,_subject,"US, IL, Rockford",Y2014/1029
2014-03-24,_subject,"US, WA, Vancouver",Y2014/1030
2014-03-30,_subject,"US, NC, Asheville",Y2014/1031
2014-02-08,_subject,,Y2014/1032
2014-04-14,_subject,,Y2014/1033
2014-04-12,_subject,,Y2014/1034
2014-04-12,_subject,"US, CA, Sacramento",Y2014/1035
2014-03-23,_subject,"US, CA, Cambria",Y2014/1036
2014-04-13,_subject,"US, OH, Mentor",Y2014/1037
2014-04-07,_subject,,Y2014/1038
2014-04-03,_subject,"US, WV, Lake",Y2014/1039
2014-04-17,_subject,"US, NC, Winston-Salem",Y2014/1040
2014-04-08,_subject,,Y2014/1041
2014-04-12,_subject,"US, LA, West Monroe",Y2014/1042
2014-04-02,_subject,,Y2014/1043
2014-01-03,_subject,,Y2014/1044
2014-04-24,_subject,,Y2014/1045
2014-04-20,_subject,,Y2014/1046
2014-04-21,_subject,"US, MA, Boston",Y2014/1047
2014-03-28,_subject,,Y2014/1048
2014-03-23,_subject,"US, CA, Fresno",Y2014/1049
2014-03-30,_subject,"US, MA, Haverhill",Y2014/1050
2014-03-29,_subject,"US, NJ, Morris Plains",Y2014/1051
2014-03-28,_subject,"US, GA, Moultrie",Y2014/1052
2014-03-26,_subject,,Y2014/1053
2014-03-24,_subject,"US, FL, Ave Maria",Y2014/1054
2014-03-28,_subject,"US, MO, Columbia",Y2014/1055
2014-03-27,_subject,"US, PA, Nanticoke",Y2014/1056
2014-03-29,_subject,"US, NY, New Hartford",Y2014/1057
2014-03-23,_subject,"US, CT, Hartford",Y2014/1058
2014-03-17,_subject,"US, ID, Idaho Falls",Y2014/1059
2014-03-22,_subject,"US, DE, Seaford",Y2014/1060
2014-03-26,_subject,"US, TX, Houston",Y2014/1061
2014-03-19,_subject,"US, MS, Gulfport",Y2014/1062
2014-03-21,_subject,"US, NC, New Bern",Y2014/1063
2014-03-20,_subject,"US, WI, Polk",Y2014/1064
2014-03-06,_subject,,Y2014/1065
2014-03-16,_subject,"US, MO, Kansas City",Y2014/1066
2014-03-19,_subject,,Y2014/1067
2014-03-21,_subject,"US, NJ, Cranford",Y2014/1068
2014-03-20,_subject,"US, SC, Beaufort",Y2014/1069
2014-03-16,_subject,,Y2014/1070
2014-03-21,_subject,"US, OH, Zanesville",Y2014/1071
2014-03-20,_subject,,Y2014/1072
2014-03-16,_subject,,Y2014/1073
2014-03-17,_subject,"US, GA, Decatur",Y2014/1074
2014-03-14,_subject,"US, VA, McCoy",Y2014/1075
2014-03-15,_subject,"US, PA, Athens",Y2014/1076
2014-03-15,_subject,"US, NJ, Rockaway",Y2014/1077
2014-03-08,_subject,,Y2014/1078
2014-03-13,_subject,,Y2014/1079
2014-03-14,_subject,"US, KY, Paducah",Y2014/1080
2014-03-09,_subject,,Y2014/1081
2014-03-12,_subject,,Y2014/1082
2014-02-27,_subject,,Y2014/1083
2014-01-29,_subject,"US, TX, Humble",Y2014/1084
2014-03-11,_subject,,Y2014/1085
2014-03-11,_subject,"US, MA, Worcester",Y2014/1086
2014-03-07,_subject,"US, CA, San Diego",Y2014/1087
2014-03-05,_subject,,Y2014/1088
2014-03-05,_subject,"US, WI, Spooner",Y2014/1089
2014-03-07,_subject,,Y2014/1090
2014-03-09,_subject,"US, SC, Simpsonville",Y2014/1091
2014-03-08,_subject,"DO, DN, Santo Domingo",Y2014/1092
2014-03-01,_subject,"US, NY, Wright",Y2014/1093
2014-03-04,_subject,"US, WA, Colville",Y2014/1094
2014-03-06,_subject,"US, MN, Burnsville",Y2014/1095
2014-03-02,_subject,,Y2014/1096
2014-01-13,_subject,,Y2014/1097
2014-03-04,_subject,"US, PA, Pittsburgh",Y2014/1098
2014-03-01,_subject,,Y2014/1099
2014-03-05,_subject,"US, TX, Temple",Y2014/1100
2014-10-19,_subject,"US, MS, Greenville",Y2014/1101
2014-08-04,_subject,"DO, , Santo Domingo",Y2014/1102
2014-07-03,_subject,"US, PA, Lehighton",Y2014/1103
2014-12-31,_subject,"US, ND, Bismarck",Y2014/1104
2014-08-05,_subject,"US, FL, Jacksonville",Y2014/1105
2014-11-20,_subject,,Y2014/1106
2014-08-09,_subject,"JP, Kanagawa Prefecture,",Y2014/1107
2014-09-24,_subject,"CA, QC, Montreal",Y2014/1108
2014-03-01,_subject,,Y2014/1109
2014-06-23,_subject,"US, CA, Chico",Y2014/1110
2015-06-30,_subject,,Y2015/1001
2015-06-26,_subject,"US, TX, Lubbock",Y2015/1002
2015-06-11,_subject,"US, CA, Stockton",Y2015/1003
2015-06-09,_subject,"US, FL, Tequesta",Y2015/1004
2015-06-13,_subject,"US, CA, Lewiston",Y2015/1005
2015-05-19,_subject,"US, IL, Carmi",Y2015/1006
2015-06-14,_subject,"US, IL, Bourbonnais",Y2015/1007
2015-06-21,_subject,,Y2015/1008
2015-06-17,_subject,,Y2015/1009
2015-06-23,_subject,"US, PA, Bethlehem",Y2015/1010
2015-06-21,_subject,"US, WI, Holmen",Y2015/1011
2015-06-26,_subject,"US, CT, Branford",Y2015/1012
2015-06-24,_subject,,Y2015/1013
2015-06-24,_subject,,Y2015/1014
2015-07-08,_subject,"US, MS, Gulfport",Y2015/1015
2015-06-30,_subject,,Y2015/1016
2015-06-25,_subject,"US, CO, Denver",Y2015/1017
2015-05-29,_subject,"US, AR, Hot Springs",Y2015/1018
2015-07-02,_subject,,Y2015/1019
2015-07-04,_subject,"US, NY, Staten Island",Y2015/1020
2015-07-07,_subject,"US, SC, Berkeley County",Y2015/1021
2015-06-27,_subject,"US, CA, South Pasadena",Y2015/1022
2015-07-02,_subject,"US, MO, Cape Girardeau",Y2015/1023
2015-06-27,_subject,"US, MO, Silex",Y2015/1024
2015-07-05,_subject,,Y2015/1025
2015-07-05,_subject,"US, KY, Edgewood",Y2015/1026
2015-07-06,_subject,"US, NJ, Perth Amboy",Y2015/1027
2015-07-04,_subject,"US, CA, San Francisco",Y2015/1028
2015-07-08,_subject,"US, WI, Appleton",Y2015/1029
2015-07-07,_subject,"US, TX, Lufkin",Y2015/1030
2015-03-08,_subject,,Y2015/1031
2015-07-02,_subject,,Y2015/1032
2015-07-04,_subject,"US, NC, Greensboro",Y2015/1033
2015-07-08,_subject,,Y2015/1034
2015-07-07,_subject,,Y2015/1035
2015-07-05,_subject,"US, IL, Peoria",Y2015/1036
2015-06-08,_subject,"US, FL, Delray Beach",Y2015/1037
2015-07-12,_subject,"US, PA, Philadelphia",Y2015/1038
2015-07-03,_subject,"ES, , Valencia",Y2015/1039
2015-06-19,_subject,,Y2015/1040
2015-07-12,_subject,,Y2015/1041
2015-07-13,_subject,,Y2015/1042
2015-07-14,_subject,,Y2015/1043
2015-07-10,_subject,"US, SC, Charleston",Y2015/1044
2015-07-13,_subject,,Y2015/1045
2015-07-14,_subject,"US, CT, New Britain",Y2015/1046
2015-07-15,_subject,"US, PA, Wilkes-Barre",Y2015/1047
2015-07-14,_subject,"US, ME, Augusta",Y2015/1048
2015-07-14,_subject,"US, IA, Ottumwa",Y2015/1049
2015-07-15,_subject,"US, IA, Wheatland",Y2015/1050
2015-07-19,_subject,"US, SC, Mt. Pleasant",Y2015/1051
2015-07-19,_subject,,Y2015/1052
2015-07-19,_subject,,Y2015/1053
2015-07-12,_subject,,Y2015/1054
2015-07-17,_subject,,Y2015/1055
2015-07-02,_subject,"MX, Tabasco, Villahermosa",Y2015/1056
2015-07-20,_subject,"US, OK, Midwest City",Y2015/1057
2015-07-07,_subject,"US, NY, Williamsville",Y2015/1058
2015-07-22,_subject,"US, RI, Greenville",Y2015/1059
2015-01-21,_subject,"JP, Chiba, Matsudo",Y2015/1060
2015-01-18,_subject,"JP, Tokyo, Tokyo",Y2015/1061
2015-07-25,_subject,,Y2015/1062
2015-07-25,_subject,,Y2015/1063
2015-07-20,_subject,"US, OR, Coos Bay",Y2015/1064
2015-07-27,_subject,,Y2015/1065
2015-07-25,_subject,,Y2015/1066
2015-07-24,_subject,"US, OH, Mansfield",Y2015/1067
2015-07-19,_subject,"US, CA, San Francisco",Y2015/1068
2015-07-31,_subject,,Y2015/1069
2015-07-31,_subject,"US, MA, Orleans",Y2015/1070
,_subject,2015-07-30,Y2015/1071
2015-07-18,_subject,"US, HI, Hilo",Y2015/1072
2015-07-29,_subject,,Y2015/1073
2015-07-31,_subject,"US, IL, Palos Heights",Y2015/1074
2015-08-01,_subject,,Y2015/1075
2015-07-30,_subject,,Y2015/1076
2015-07-29,_subject,"US, ME, Portland",Y2015/1077
2015-07-27,_subject,"US, CA, Santa Rosa",Y2015/1078
2015-07-24,_subject,,Y2015/1079
2015-07-27,_subject,"VE, ,Caracas",Y2015/1080
2015-08-04,_subject,,Y2015/1081
2015-08-01,_subject,"US, CT, Cos Cob",Y2015/1082
2015-08-03,_subject,,Y2015/1083
2015-08-03,_subject,"US, FL, Port St. Lucie",Y2015/1084
2015-08-05,_subject,,Y2015/1085
2015-07-08,_subject,"JP, Hyogo, Nishinomiya",Y2015/1086
2015-07-08,_subject,,Y2015/1087
2015-06-15,_subject,"JP, Hyogo, Takarazuka",Y2015/1088
2015-05-22,_subject,,Y2015/1089
2015-08-02,_subject,"US, WA, Spokane Valley",Y2015/1090
2015-08-03,_subject,"US, OH, Lebanon",Y2015/1091
2015-08-04,_subject,"US, NV, Las Vegas",Y2015/1092
2015-08-08,_subject,"US, VA, Roanoke",Y2015/1093
2015-08-08,_subject,"US, MN, Stillwater",Y2015/1094
2015-08-10,_subject,"US, LA, Lafayette",Y2015/1095
2015-08-10,_subject,,Y2015/1096
2015-08-08,_subject,,Y2015/1097
2015-08-12,_subject,,Y2015/1098
2015-08-15,_subject,"US, MO, Sedalia",Y2015/1099
2015-08-13,_subject,"US, CT, Sharon",Y2015/1100
2015-08-05,_subject,"US, WA, Burien",Y2015/1101
2015-08-10,_subject,,Y2015/1102
2015-08-09,_subject,"US, TX, Paris",Y2015/1103
2015-08-11,_subject,,Y2015/1104
2015-08-15,_subject,,Y2015/1105
2015-08-12,_subject,"US, NY, Syracuse",Y2015/1106
2015-08-04,_subject,"US, OH, Columbus",Y2015/1107
2015-08-18,_subject,,Y2015/1108
2015-08-17,_subject,,Y2015/1109
2015-08-17,_subject,"US, OH, Lima",Y2015/1110
2015-08-14,_subject,"US, MS, Columbus",Y2015/1111
2015-08-15,_subject,,Y2015/1112
2015-08-03,_subject,"JP, Fukuoka, Fukuoka",Y2015/1113
2015-04-01,_subject,"JP, Tokyo, Tokyo",Y2015/1114
2015-02-22,_subject,"JP, Nagano, Nagano",Y2015/1115
2015-08-18,_subject,,Y2015/1116
2015-08-19,_subject,"US, NC, Lexington",Y2015/1117
2015-08-15,_subject,,Y2015/1118
2015-08-22,_subject,"US, OH, Sylvania",Y2015/1119
2015-08-21,_subject,"US, MN, Minneota",Y2015/1120
2015-08-16,_subject,,Y2015/1121
2015-08-18,_subject,,Y2015/1122
2015-08-23,_subject,"US, TX, Arlington",Y2015/1123
2015-08-22,_subject,"US, FL, West Palm Beach",Y2015/1124
2015-08-21,_subject,"US, NC, Matthews",Y2015/1125
2015-08-14,_subject,,Y2015/1126
2015-08-19,_subject,,Y2015/1127
2015-08-01,_subject,,Y2015/1128
2015-06-22,_subject,,Y2015/1129
2015-08-23,_subject,"US, TX, Fort Worth",Y2015/1130
2015-08-30,_subject,"US, RI, Providence",Y2015/1131
2015-08-24,_subject,,Y2015/1132
2015-08-28,_subject,,Y2015/1133
2015-08-31,_subject,"US, IL, Maryville",Y2015/1134
2015-08-23,_subject,"US, PA, Pittsburgh",Y2015/1135
2015-08-22,_subject,,Y2015/1136
2015-08-19,_subject,,Y2015/1137
2015-09-03,_subject,,Y2015/1138
2015-09-03,_subject,,Y2015/1139
2015-09-03,_subject,"US, NJ, Toms River",Y2015/1140
2015-08-25,_subject,"US, WI, Green Bay",Y2015/1141
2015-09-02,_subject,,Y2015/1142
2015-09-05,_subject,,Y2015/1143
2015-09-04,_subject,"US, FL, Panacea",Y2015/1144
2015-09-08,_subject,"DO, ,",Y2015/1145
2015-09-05,_subject,"US, FL, Boca Raton",Y2015/1146
2015-09-10,_subject,,Y2015/1147
2015-09-11,_subject,"US, CT, Hamden",Y2015/1148
2015-09-11,_subject,"US, ME, Scarborough",Y2015/1149
2015-07-22,_subject,,Y2015/1150
2015-09-15,_subject,,Y2015/1151
2015-09-08,_subject,"US, MD, Towson",Y2015/1152
2015-09-10,_subject,"US, KS, Atwood",Y2015/1153
2015-09-13,_subject,"US, NC, Winston-Salem",Y2015/1154
2015-09-10,_subject,,Y2015/1155
2015-09-14,_subject,"US, IN, Munster",Y2015/1156
2015-09-16,_subject,"US, MI, Portage",Y2015/1157
2015-09-06,_subject,"US, NJ, Willingboro",Y2015/1158
2015-09-20,_subject,"US, SC, Clinton",Y2015/1159
2015-09-18,_subject,,Y2015/1160
2015-09-16,_subject,"US, NC, Greenville",Y2015/1161
2015-09-12,_subject,,Y2015/1162
2015-09-06,_subject,"US, TX, Prosper",Y2015/1163
2015-09-19,_subject,"US, MS, Rolling Fork",Y2015/1164
2015-09-10,_subject,"US, TX, Plano",Y2015/1165
2015-09-19,_subject,"US, MS, Purvis",Y2015/1166
2015-09-07,_subject,,Y2015/1167
2015-09-21,_subject,"US, OK, Purcell",Y2015/1168
2015-09-22,_subject,"US, NC, Winston-Salem",Y2015/1169
2015-09-25,_subject,"US, SC, Myrtle Beach",Y2015/1170
2015-09-24,_subject,"US, NJ, Denville",Y2015/1171
2015-09-20,_subject,"US, MD, Bel Air",Y2015/1172
2015-09-18,_subject,"US, TN, Fairfield Glade",Y2015/1173
2015-09-21,_subject,,Y2015/1174
2015-09-26,_subject,,Y2015/1175
2015-09-27,_subject,,Y2015/1176
2015-09-24,_subject,"US, PA, Easton",Y2015/1177
2015-09-30,_subject,"US, NY, Saratoga Springs",Y2015/1178
2015-09-11,_subject,"US, CA, Napa",Y2015/1179
2015-10-01,_subject,,Y2015/1180
2015-10-01,_subject,,Y2015/1181
2015-10-01,_subject,,Y2015/1182
2015-08-01,_subject,,Y2015/1183
2015-10-01,_subject,,Y2015/1184
2015-09-26,_subject,"US, MN, St. Paul",Y2015/1185
2015-09-24,_subject,,Y2015/1186
2015-09-24,_subject,,Y2015/1187
2015-09-28,_subject,"CA, ON, Mindemoya",Y2015/1188
2015-10-04,_subject,,Y2015/1189
2015-10-04,_subject,"US, MI, Muskegon",Y2015/1190
2015-09-22,_subject,"US, IN, Fort Wayne",Y2015/1191
2015-10-01,bill,"US, PA, Media",Y2015/1192
2015-09-30,_subject,,Y2015/1193
2015-10-07,_subject,"US, IL, Edwardsville",Y2015/1194
2015-10-04,_subject,"US, TX, Dallas",Y2015/1195
2015-10-02,_subject,"US, NY, Staten Island",Y2015/1196
2015-10-05,_subject,"US, FL, Beverly Hills",Y2015/1197
2015-10-07,_subject,"US, IA, Davenport",Y2015/1198
2015-10-09,_subject,"US, PA, Womelsdorf",Y2015/1199
2015-10-06,_subject,,Y2015/1200
2015-10-03,_subject,"US, TN, Maryville",Y2015/1201
2015-10-09,_subject,"US, LA, Metairie",Y2015/1202
2015-10-06,_subject,,Y2015/1203
2015-10-03,_subject,"US, WI, Madison",Y2015/1204
2015-10-11,_subject,"US, OH, Wooster",Y2015/1205
2015-10-08,_subject,"US, NY, Bronx",Y2015/1206
2015-10-09,_subject,,Y2015/1207
2015-10-12,_subject,,Y2015/1208
2015-10-11,_subject,"US, OH, Maumee",Y2015/1209
2015-10-14,_subject,,Y2015/1210
2015-10-14,_subject,,Y2015/1211
2015-10-10,_subject,,Y2015/1212
2015-10-16,_subject,,Y2015/1213
2015-10-15,_subject,"US, CA, Antioch",Y2015/1214
2015-08-21,_subject,,Y2015/1215
2015-10-14,_subject,"MX, , Mexico City",Y2015/1216
2015-10-14,_subject,,Y2015/1217
2015-10-02,_subject,,Y2015/1218
2015-10-18,_subject,,Y2015/1219
2015-10-14,_subject,"US, TX, Fairview",Y2015/1220
2015-10-12,_subject,"US, IL, Orland Park",Y2015/1221
2015-10-11,_subject,,Y2015/1222
2015-10-17,_subject,,Y2015/1223
2015-10-20,_subject,"US, OH, Findlay",Y2015/1224
2015-10-15,_subject,"US, CA, Santa Cruz",Y2015/1225
2015-10-14,_subject,"US, FL, Sarasota",Y2015/1226
2015-10-15,_subject,"US, KY, Louisville",Y2015/1227
2015-10-12,_subject,,Y2015/1228
2015-10-22,_subject,"US, NC, Monroe",Y2015/1229
2015-10-23,_subject,"US, IA, Des Moines",Y2015/1230
2015-10-17,_subject,"US, OH, Cleveland",Y2015/1231
2015-10-20,_subject,"US, KS, Hays",Y2015/1232
2015-01-13,charles,"US, NJ, Brick",Y2015/1233
2015-10-24,_subject,,Y2015/1234
2015-10-23,_subject,,Y2015/1235
2015-10-25,_subject,,Y2015/1236
2015-10-26,_subject,"US, CA, Sacramento",Y2015/1237
2015-10-26,_subject,"US, GA, Brunswick",Y2015/1238
2015-10-21,_subject,,Y2015/1239
2015-10-26,_subject,"US, IN, Hammond",Y2015/1240
2015-10-27,_subject,"US, OH, Dayton",Y2015/1242
2015-10-29,_subject,"US, FL, Ormond Beach",Y2015/1243
2015-10-27,_subject,,Y2015/1244
2015-10-31,_subject,,Y2015/1245
2015-10-28,_subject,"US, WI, Lancaster",Y2015/1246
2015-11-01,_subject,"US, MA, Milford",Y2015/1247
2015-11-04,_subject,"US, NC, Raleigh",Y2015/1248
2015-10-30,_subject,"US, FL, Naples",Y2015/1249
2015-11-02,_subject,"US, OH, Cincinnati",Y2015/1250
2015-11-03,_subject,"US, AZ, Scottsdale",Y2015/1251
2015-11-04,_subject,"US, IN, Anderson",Y2015/1252
2015-09-28,_subject,,Y2015/1253
2015-04-23,_subject,,Y2015/1254
2015,_subject,,Y2015/1255
2015-10-31,_subject,"US, WA, Tacoma",Y2015/1256
2015-11-07,_subject,,Y2015/1257
2015-11-07,_subject,,Y2015/1258
2015-11-05,_subject,"US, OK, Ponca City",Y2015/1259
2015-10-22,_subject,,Y2015/1260
2015-11-04,_subject,,Y2015/1261
2015-11-01,_subject,"US, NY, Kenmore",Y2015/1262
2015-11-07,_subject,,Y2015/1263
2015-11-09,_subject,"US, GA, Atlanta",Y2015/1264
2015-11-08,_subject,"US, IL, Joliet",Y2015/1265
2015-11-06,_subject,"US, CA, Chico",Y2015/1266
2015-11-08,_subject,,Y2015/1267
2015-11-10,_subject,"US, NC, Ocean Isle Beach",Y2015/1268
2015-11-09,_subject,,Y2015/1269
2015-11-12,jeff,,Y2015/1270
2015-11-03,_subject,,Y2015/1271
2015-11-14,_subject,"US, SC, Anderson",Y2015/1272
2015-11-15,_subject,"US, CA, Burbank",Y2015/1273
2015-11-13,_subject,"US, AL, Mobile",Y2015/1274
2015-11-11,_subject,,Y2015/1275
2015-11-12,_subject,"US, SC, Greenville",Y2015/1276
2015-11-12,_subject,"US, IL, Jacksonville",Y2015/1277
2015-11-09,_subject,,Y2015/1278
2015-11-05,_subject,,Y2015/1279
2015-11-12,_subject,"US, AR, Fayetteville",Y2015/1280
2015-11-13,_subject,"US, NH, Hooksett",Y2015/1281
2015-11-13,_subject,,Y2015/1282
2015-11-15,_subject,"DO, National District, Santa Domingo",Y2015/1283
2015-11-13,_subject,,Y2015/1284
2015-11-15,_subject,"US, FL, Merritt Island",Y2015/1285
2015-11-16,_subject,,Y2015/1286
2015-11-16,_subject,,Y2015/1287
2015-11-05,_subject,"US, NC, Wadesboro",Y2015/1288
2015-11-08,_subject,"US, CA, Carlsbad",Y2015/1289
2015-11-19,_subject,"US, KY, Edgewood",Y2015/1290
2015-11-19,_subject,"US, MI, Lansing",Y2015/1291
2015-11-21,_subject,"US, LA, Pineville",Y2015/1292
2015-11-17,_subject,"CO, Chocoin, Acandi",Y2015/1293
2015-11-21,_subject,,Y2015/1295
2015-11-14,_subject,,Y2015/1296
2015-11-17,_subject,"US, MI, Charlevoix",Y2015/1297
2015-11-17,_subject,"US, IL, Moline",Y2015/1298
2015-11-08,_subject,"US, TX, Bernardo",Y2015/1299
2015-11-21,_subject,,Y2015/1300
2015-11-23,_subject,"US, NJ, Ocean View",Y2015/1301
2015-11-14,_subject,"US, IL, Peoria",Y2015/1302
2015-11-23,_subject,"US, FL, Sebring",Y2015/1303
2015-11-17,_subject,"US, MI, Kalamazoo",Y2015/1304
2015-11-21,_subject,,Y2015/1305
2015-11-27,_subject,"US, PA, Clairton",Y2015/1306
2015-11-26,_subject,"US, MA, Springfield",Y2015/1307
2015-11-28,_subject,"US, PA, Pittsburgh",Y2015/1308
2015-11-25,_subject,,Y2015/1309
2015-11-26,_subject,,Y2015/1310
2015-11-29,_subject,,Y2015/1311
2015-11-28,_subject,,Y2015/1312
2015-11-28,_subject,,Y2015/1313
2015-11-25,_subject,"US, FL, Palmetto",Y2015/1314
2015-12-03,_subject,"US, WI, Cedar Grove",Y2015/1315
2015-12-02,_subject,"US, IL, Rockford",Y2015/1316
2015-12-02,_subject,,Y2015/1317
2015-12-03,_subject,,Y2015/1318
2015-11-25,_subject,,Y2015/1319
2015-12-02,_subject,,Y2015/1320
2015-11-29,_subject,"US, TX, Texas City",Y2015/1321
2015-11-27,_subject,"US, IA, Monticello",Y2015/1322
2015-11-27,_subject,"US, NJ, Avenel",Y2015/1323
2015-12-02,_subject,,Y2015/1324
2015-12-04,_subject,,Y2015/1325
2015-12-06,_subject,,Y2015/1326
2015-12-07,_subject,,Y2015/1327
2015-12-04,_subject,,Y2015/1328
2015-12-06,_subject,,Y2015/1329
2015-12-08,_subject,"US, KY, Wilmore",Y2015/1330
2015-12-09,_subject,"US, PA, Connellsville",Y2015/1331
2015-12-08,_subject,"US, AZ, Phoenix",Y2015/1332
2015-12-07,_subject,"US, NY, Cheektowaga",Y2015/1333
2015-11-29,_subject,"DO, Distrito Nacional, Santo Domingo",Y2015/1334
2015-12-04,_subject,"US, CA, Yuba City",Y2015/1335
2015-12-10,_subject,,Y2015/1336
2015-12-08,_subject,"US, IL, Decatur",Y2015/1337
2015-12-11,_subject,"US, LA, Covington",Y2015/1338
2015-12-15,_subject,"US, AR, Little Rock",Y2015/1339
2015-12-13,_subject,"US, CA, Pomona",Y2015/1340
2015-11-27,_subject,"US, TX, Sherman",Y2015/1341
2015-11-13,_subject,,Y2015/1342
2015-12-17,_subject,"US, GA, Macon",Y2015/1343
2015-12-16,_subject,"US, MI, Rochester",Y2015/1344
2015-12-16,_subject,"US, IL, Danforth",Y2015/1345
2015-12-16,_subject,,Y2015/1346
2015-12-11,_subject,,Y2015/1347
2015-11-28,_subject,,Y2015/1348
2015-12-16,_subject,"US, LA, Jackson",Y2015/1349
2015-12-17,_subject,"US, CT, Hartford",Y2015/1350
2015-12-08,_subject,"US, GA, Canton",Y2015/1351
2015-12-02,_subject,,Y2015/1352
2015-12-17,_subject,"US, NC, Greensboro",Y2015/1353
2015-12-20,_subject,"US, PA, Marion",Y2015/1354
2015-12-18,_subject,"US, FL, Miami",Y2015/1355
2015-12-20,_subject,,Y2015/1356
2015-12-18,_subject,,Y2015/1357
2015-12-24,_subject,,Y2015/1358
2015-12-15,_subject,,Y2015/1359
2015-12-24,_subject,"US, NC, Warsaw",Y2015/1360
2015-12-24,_subject,"US, NJ, Flemington",Y2015/1361
2015-12-26,_subject,"US, GA, Albany",Y2015/1362
2015-12-25,_subject,,Y2015/1363
2015-09-16,_subject,,Y2015/1364
2015-12-23,_subject,,Y2015/1365
2015-12-26,_subject,"US, OH, Cincinnati",Y2015/1366
2015,_subject,,Y2015/1367
2015-11-23,_subject,,Y2015/1368
2015-05-22,_subject,"US, AL, Prattville",Y2015/1369
2015-12-29,_subject,"US, NC, Wilmington",Y2015/1370
2015-06-20,_subject,"DO, San Cristobal, San Cristobal",Y2015/1371
2015-12-30,_subject,,Y2015/1372
2015-12-29,_subject,"US, MA, Needham",Y2015/1373
2015-12-27,_subject,,Y2015/1374
2015-12-31,_subject,"US, CO,",Y2015/1375
2015-12-25,_subject,,Y2015/1376
2015-12-29,_subject,,Y2015/1377
2015-11-30,_subject,,Y2015/1378
2015-12-25,_subject,"US, PA, New Holland",Y2015/1379
2015-12-30,_subject,"US, NC, Asheville",Y2015/1380
2015-12-29,_subject,,Y2015/1381
2015-12-16,_subject,,Y2015/1382
2015-12-27,_subject,,Y2015/1383
2015-05,_subject,,Y2015/1384
2015-04-11,_subject,,Y2015/1385
2015-12-15,_subject,"MX, Yucatan, Merida",Y2015/1386
2015-11-21,_subject,,Y2015/1387
2015-12-02,_subject,"US, OR, Pacific City",Y2015/1388
2015-05-09,_subject,,Y2015/1389
2015-06-26,_subject,"US, IL, Huntley",Y2015/1390
2015-12-24,_subject,,Y2015/1391
2015-02-15,_subject,"DO, Valverde, Mao",Y2015/1392
2015-05-24,_subject,"US, IL, Monmouth",Y2015/1393
2015-05-23,_subject,"US, VA, Abingdon",Y2015/1394
2015-05-21,_subject,"US, KS, Great Bend",Y2015/1395
2015-05-16,_subject,,Y2015/1396
2015-05-25,joe,"US, IA, Indianola",Y2015/1397
2015-05-21,_subject,,Y2015/1398
2015-05-22,_subject,,Y2015/1399
2015-05-25,_subject,,Y2015/1400
2015-05-24,_subject,"US, OK, Lawton",Y2015/1401
2015-05-20,_subject,,Y2015/1402
2015-05-27,_subject,,Y2015/1403
2015-05-28,_subject,"US, MD, Emmitsburg",Y2015/1404
2015-06-12,_subject,"US, FL, Jacksonville",Y2015/1405
2015-06-16,_subject,"US, TX, Abilene",Y2015/1406
2015-06-13,_subject,,Y2015/1407
2015-06-17,_subject,,Y2015/1409
2015-06-06,_subject,"US, MT, Missoula",Y2015/1410
2015-06-21,_subject,"US, TX, Pearland",Y2015/1411
2015-06-15,_subject,"US, AZ, Phoenix",Y2015/1412
2015-06-20,_subject,"US, OR, Keizer",Y2015/1413
2015-06-22,_subject,,Y2015/1414
2015-06-24,_subject,"US, MI, Bay City",Y2015/1415
2015-06-23,_subject,"US, SC, Anderson",Y2015/1416
2015-05-15,_subject,,Y2015/1417
2015-05-28,_subject,,Y2015/1418
2015-05-30,_subject,,Y2015/1419
2015-05-30,_subject,"US, PA, Springboro",Y2015/1420
2015-12-07,_subject,"US, CT, Dayville",Y2015/1421
2015-11-15,_subject,,Y2015/1422
2015-05-30,_subject,"US, PA, Springboro",Y2015/1423
2015-05-30,_subject,,Y2015/1424
2015-05-25,_subject,"US, FL, Gainesville",Y2015/1425
2015-05-21,_subject,,Y2015/1426
2015-05-30,_subject,"US, MA, Reading",Y2015/1427
2015-05-29,_subject,,Y2015/1428
2015-05-31,_subject,"US, OH, Toledo",Y2015/1429
2015-06-14,_subject,"US, IL, Edwardsville",Y2015/1430
2015-06-13,_subject,"US, OH, Miamisburg",Y2015/1431
2015-06-12,_subject,"US, CA, San Francisco",Y2015/1432
2015-06-15,_subject,"US, GA, Gainesville",Y2015/1433
2015-06-16,_subject,"US, MA, Webster",Y2015/1434
2015-06-02,_subject,,Y2015/1435
2015-06-03,_subject,"US, NY, Buffalo",Y2015/1436
2015-05-20,_subject,"US, MO, Ladue",Y2015/1437
2015-06-04,_subject,,Y2015/1438
2015-06-05,_subject,,Y2015/1439
2015-06-05,_subject,,Y2015/1440
2015-06-07,_subject,,Y2015/1441
2015-06-08,_subject,,Y2015/1442
2015-06-07,_subject,,Y2015/1443
2015-05-10,_subject,,Y2015/1444
2015-06-09,_subject,"US, PA, York",Y2015/1445
2015-06-07,_subject,,Y2015/1446
2015-06-09,_subject,"US, CA, Roseville",Y2015/1447
2015-06-05,_subject,"US, OR, Portland",Y2015/1448
2015-06-11,_subject,"US, NY, Victor",Y2015/1449
2015-06-03,_subject,"US, CA, San Diego",Y2015/1450
2015-06-08,_subject,"US, NC, Whiteville",Y2015/1451
2015-06-07,_subject,"US, AR, Ashdown",Y2015/1452
2015-05-31,_subject,"US, MA, Templeton",Y2015/1453
2015-06-02,_subject,"US, NJ, Princeton",Y2015/1454
2015-06-12,_subject,,Y2015/1455
2015-06,_subject,"US, CA, Oceanside",Y2015/1456
2015-06-04,_subject,,Y2015/1457
2015-06-09,_subject,"US, GA, Gainesville",Y2015/1458
2015-05-26,_subject,"JP, Osaka, Osaka",Y2015/1459
2015-05-24,_subject,"MX, Sonora, Puerto Penasco",Y2015/1460
2015-05-31,_subject,"US, KS, Topeka",Y2015/1461
2015-05-30,_subject,,Y2015/1462
2015-05-16,_subject,"US, CO, Centennial",Y2015/1463
2015-05-15,_subject,"US, AZ, Dewey",Y2015/1465
2015-05-18,_subject,"US, NY, Amherst",Y2015/1466
2015-05-16,_subject,"US, CT, North Haven",Y2015/1467
2015-05-03,_subject,,Y2015/1468
2015-05-17,_subject,"US, CT, West Hartford",Y2015/1469
2015-05-11,_subject,,Y2015/1470
2015-05-10,_subject,"US, MA, Boston",Y2015/1471
2015-05-05,_subject,,Y2015/1472
2015-05-18,_subject,"US, AZ, Phoenix",Y2015/1473
2015-05-14,_subject,,Y2015/1474
2015-05-18,_subject,"US, IN, Munster",Y2015/1475
2015-05-20,_subject,,Y2015/1476
2015-05-19,_subject,"US, FL, Milton",Y2015/1477
2015-05-19,_subject,,Y2015/1478
2015-05-25,_subject,"US, NJ, Hamilton",Y2015/1479
2015-05-21,_subject,"US, MO, Chesterfield",Y2015/1480
2015-05-22,_subject,,Y2015/1481
2015-05-21,_subject,"CA, QC, Pointe-Claire",Y2015/1482
2015-05-13,_subject,"US, WA, Tacoma",Y2015/1483
2015-03-28,_subject,,Y2015/1484
2015-05-11,_subject,,Y2015/1485
2015-05-12,_subject,,Y2015/1486
2015-04-16,_subject,,Y2015/1487
2015-04-16,_subject,"US, CA, Buena Park",Y2015/1488
2015-05-13,_subject,"US, WA, Tacoma",Y2015/1489
2015-05-10,_subject,"US, GA, Augusta",Y2015/1490
2015-05-06,_subject,"US, NM, Las Cruces",Y2015/1491
2015-05-08,_subject,"US, IL, Morris",Y2015/1492
2015-05-09,_subject,,Y2015/1493
2015-05-13,_subject,"US, TN, Knoxville",Y2015/1494
2015-05-12,_subject,,Y2015/1495
2015-05-05,_subject,"US, PA, Beaver Falls",Y2015/1496
2015-02-27,_subject,,Y2015/1497
2015-04-28,_subject,"US, NY, Manhattan",Y2015/1498
2015-04-25,_subject,"US, TN, Kingsport",Y2015/1499
2015-02-28,_subject,"US, SD, Yankton",Y2015/1500
2015-02-06,jim,"US, AR, Little Rock",Y2015/1501
2015-04-29,_subject,,Y2015/1502
2015-04-27,_subject,"US, IL, Galesburg",Y2015/1503
2015-04-27,_subject,,Y2015/1504
2015-05-02,_subject,"US, WI, Verona",Y2015/1505
2015-05-03,_subject,,Y2015/1506
2015-05-06,_subject,,Y2015/1507
2015-04-22,_subject,"US, CA, Exeter",Y2015/1508
2015-04-22,_subject,"US, CA, San Pedro",Y2015/1509
2015-04-27,_subject,"US, IL, Naperville",Y2015/1510
2015-04-28,_subject,,Y2015/1511
2015-05-02,_subject,,Y2015/1512
2015-04-26,_subject,,Y2015/1513
2015-04-27,_subject,,Y2015/1514
2015-01-07,_subject,,Y2015/1515
2015-05-04,_subject,"US, MO, Lee’s Summit",Y2015/1516
2015-05-01,_subject,"US, OH, Sandusky",Y2015/1517
2015-05-03,_subject,"US, CT, Bridgeport",Y2015/1518
2015-05-03,_subject,,Y2015/1519
2015-04-26,_subject,"US, AZ, Green Valley",Y2015/1520
2015-05-01,_subject,"US, NJ, Boonton",Y2015/1521
2015-04-28,_subject,"US, PA, Reading",Y2015/1522
2015-05-07,_subject,"US, IN, New Castle",Y2015/1523
2015-05-05,_subject,"US, MO, St. Joseph",Y2015/1524
2015-04-17,_subject,"US, FL, Fort Myers",Y2015/1525
2015-05-01,_subject,,Y2015/1526
2015-04-18,_subject,,Y2015/1527
2015-04-17,_subject,"US, NC, Salisbury",Y2015/1528
2015-04-20,_subject,"US, NY, Syracuse",Y2015/1529
2015-04-17,_subject,"US, FL, Vero Beach",Y2015/1530
2015-04-19,_subject,,Y2015/1531
2014-05-28,_subject,,Y2015/1532
2015-04-22,_subject,,Y2015/1533
2015-04-21,_subject,"US, FL, Port Orange",Y2015/1534
2015-04-15,_subject,"US, IL, Joliet",Y2015/1535
2015-04-16,_subject,,Y2015/1536
2015-04-22,_subject,,Y2015/1537
2015-04-24,_subject,,Y2015/1538
2015-04-25,_subject,"CA, ON, London",Y2015/1539
2015-04-26,_subject,"US, AR, Little Rock",Y2015/1540
2015-04-10,_subject,,Y2015/1541
2015-03-11,_subject,"US, MI, Haslett",Y2015/1542
2015-04-14,_subject,,Y2015/1543
2015-04-13,_subject,,Y2015/1544
2015-04-14,_subject,,Y2015/1545
2015-04-02,eddie,,Y2015/1546
2015-04-10,_subject,"US, LA, New Orleans",Y2015/1547
2015-02-05,_subject,"MX, San Luis Potosi, San Luis Potosi",Y2015/1548
2014-07-14,_subject,"JP, Kyoto Prefecture, Kyoto",Y2015/1549
2015-02-08,_subject,"MX, Sonora, Hermosillo",Y2015/1550
2015-02-12,_subject,"VE, , Caracas",Y2015/1551
2015-03-07,_subject,"US, MI, Kalamazoo",Y2015/1552
2015-03-08,_subject,"US, WV, Charleston",Y2015/1553
2015-03-16,_subject,,Y2015/1554
2015-03-16,_subject,"US, TX, San Angelo",Y2015/1555
2015-03-12,_subject,"US, OK, Tulsa",Y2015/1556
2015-03-14,_subject,"US, VA, Cana",Y2015/1557
2015-03-15,_subject,"US, NJ, Jackson Township",Y2015/1558
2015-03-20,_subject,"US, IN, Fort Wayne",Y2015/1559
2015-03-21,_subject,"US, OH, Toledo",Y2015/1560
2015-03-16,_subject,,Y2015/1561
2015-03-11,_subject,,Y2015/1562
2015-03-20,_subject,"US, WI, West Bend",Y2015/1563
2015-03-20,_subject,"US, TX, Albany",Y2015/1564
2015-04-11,_subject,"US, CT, Wilton",Y2015/1565
2015-02-13,_subject,,Y2015/1566
2015-04-05,_subject,"US, PA, Lancaster",Y2015/1567
2015-03-28,_subject,"US, AZ, Scottsdale",Y2015/1568
2015-04-09,_subject,"US, PA, Wyalusing",Y2015/1569
2015-04-08,_subject,,Y2015/1570
2015-04-07,_subject,,Y2015/1571
2015-04-05,_subject,,Y2015/1572
2015-03-31,_subject,,Y2015/1573
2015-03-06,_subject,"US, NJ, Jackson Township",Y2015/1574
2015-03-25,_subject,"US, GA, Lawrenceville",Y2015/1575
2015-03-09,_subject,,Y2015/1576
2015-03-14,_subject,"US, CT, Rocky Hill",Y2015/1577
2015-03-19,_subject,"US, TX, Spring",Y2015/1578
2015-03-28,_subject,,Y2015/1579
2015-03-26,_subject,,Y2015/1580
2015-03-26,_subject,,Y2015/1581
2015-03-25,_subject,,Y2015/1582
2015-03-24,_subject,"US, MS, Tupelo",Y2015/1583
2015-03-26,_subject,,Y2015/1584
2015-03-24,_subject,"US, UT, Spanish Fork",Y2015/1585
2015-03-27,_subject,"US, GA, Savannah",Y2015/1586
2015-03-16,_subject,,Y2015/1587
2015-03-27,_subject,,Y2015/1588
2015-03-28,_subject,VE,Y2015/1589
2015-03-04,_subject,"US, NH, North Hampton",Y2015/1590
2015-03-25,_subject,"US, CA, Los Angeles",Y2015/1591
2015-03-28,_subject,,Y2015/1592
2015-03-28,_subject,"US, WA, Pullman",Y2015/1593
2015-03-29,_subject,,Y2015/1594
2015-03-29,_subject,,Y2015/1595
2015-03-29,_subject,"US, TX, Weatherford",Y2015/1596
2015-03-31,_subject,,Y2015/1597
2015-03-30,_subject,"US, PA, Chambersburg",Y2015/1598
2015-03-31,_subject,,Y2015/1599
2015-04-02,_subject,,Y2015/1600
2015-06-15,_subject,"US, AZ, Peoria",Y2015/1601
2015-12-28,_subject,"US, MO, Washington",Y2015/1602
2015-03-06,_subject,,Y2015/1603
2015-01-11,_subject,"US, WA, Yakima",Y2015/1604
2015-11-14,_subject,,Y2015/1605
2015-01-14,_subject,"US, PA, Hollidaysburg",Y2015/1606
2015-07-25,_subject,"US, IL, Rock Island",Y2015/1607
2015,_subject,,Y2015/1608
2015-07-02,_subject,"US, MN, Wayzata",Y2015/1609
2015-05-03,_subject,"US, PA, Rome",Y2015/1610
2015-03-08,_subject,"CA, BC,  Penticton",Y2015/1611
2015-04-01,_subject,"US, PA, Frackville",Y2015/1612
2015-04-02,_subject,"US, OK, Oklahoma City",Y2015/1613
2015-04-05,_subject,,Y2015/1614
2015-04-02,_subject,,Y2015/1615
2015-04-04,_subject,"US, NC, Fuquay-Varina",Y2015/1616
2015-04-05,_subject,"US, KY, Hanson",Y2015/1617
2015-03-27,_subject,"US, FL, Clearwater",Y2015/1618
2015-04-07,_subject,"US, PA, Philadelphia",Y2015/1619
2015-03-11,_subject,,Y2015/1620
2015-02-28,_subject,"US, MS, Jackson",Y2015/1621
2015-02-28,_subject,,Y2015/1622
2015-03-02,_subject,"US, PA, Hershey",Y2015/1623
2015-02-26,_subject,,Y2015/1624
2015-02-18,_subject,,Y2015/1625
2015-01-30,_subject,,Y2015/1626
2015-03-05,_subject,"US, KS, Riley",Y2015/1627
2015-03-03,_subject,"US, FL,",Y2015/1628
2015-03-04,_subject,"US, PA, York",Y2015/1629
2015-03-05,_subject,"US, PA, Harrisville",Y2015/1630
2015-03-04,_subject,,Y2015/1631
2015-03-05,_subject,"US, OK, Sapulpa",Y2015/1632
2015-01-15,_subject,"US, NV, Gardnerville",Y2015/1633
2015-03-07,_subject,"US, PA, Paoli",Y2015/1634
2015-03-07,_subject,,Y2015/1635
2015-03-01,_subject,,Y2015/1636
2015-01-26,_subject,"US, PA, McKeesport",Y2015/1637
2015-02-02,_subject,"US, AL, Huntsville",Y2015/1638
2015-01-04,_subject,"US, CT, Andover",Y2015/1639
2015-02-26,_subject,,Y2015/1640
2015-03-01,_subject,"US, IL, Chicago",Y2015/1641
2015-02-20,_subject,"US, IL, Lake Forest",Y2015/1642
2015-02-20,_subject,"US, AZ, Florence",Y2015/1643
2015-02-24,_subject,,Y2015/1644
2015-02-23,_subject,"US, AR, Fayetteville",Y2015/1645
2015-02-18,_subject,"US, CA,",Y2015/1646
2015-02-15,_subject,,Y2015/1647
2015-02-15,_subject,"US, IL, Roselle",Y2015/1648
2015-02-23,_subject,"US, NE, Omaha",Y2015/1649
2015-02-21,_subject,"US, MO, Kansas City",Y2015/1650
2015-02-21,_subject,"US, PA, Lewistown",Y2015/1651
2016-01-01,_subject,"US, PA, Wrightsville",Y2016/1001
2016-01-03,_subject,,Y2016/1002
2016-01-01,_subject,"US, MI, Kentwood",Y2016/1003
2016,_subject,"US, FL, Jacksonville",Y2016/1004
2016-01-02,_subject,,Y2016/1005
2016-01-04,_subject,,Y2016/1006
2016-01-03,_subject,"US, NC, Sherrills Ford",Y2016/1007
2016-01-01,_subject,,Y2016/1008
2016-01-03,_subject,,Y2016/1009
2016-01-05,_subject,"US, NC, Salisbury",Y2016/1010
2016-01-04,_subject,"US, NC, Concord",Y2016/1011
2016-01-09,_subject,"US, SC, Myrtle Beach",Y2016/1012
2016-01-03,_subject,"US, OH, Toledo",Y2016/1013
2016-01-10,_subject,"US, MI, Bloomfield Hills",Y2016/1014
2016-01-05,_subject,"US, MI, Monroe",Y2016/1015
2016-01-06,_subject,,Y2016/1016
2016-01-03,_subject,"US, CA, San Luis Obispo",Y2016/1017
2016-01-10,_subject,"US, VA, Virginia Beach",Y2016/1018
2016-01-08,_subject,"US, NY, Utica",Y2016/1019
2016-01-11,_subject,"US, TX, Houston",Y2016/1020
2016-01-12,_subject,"US, MO, St. Louis",Y2016/1021
2016-01-13,_subject,"PR,",Y2016/1022
2016-01-07,_subject,"VE, Zulia, Maracaibo",Y2016/1023
2016-01-08,_subject,,Y2016/1024
2016-01-12,_subject,"US, PA, Pottstown",Y2016/1025
2016-01-13,_subject,,Y2016/1026
2016-01-02,_subject,"JP, Nara, Sakurai",Y2016/1027
2016,_subject,,Y2016/1028
2016-01-09,_subject,,Y2016/1029
2016-01-13,_subject,"US, DE, Rehoboth Beach",Y2016/1030
2016-01-14,_subject,,Y2016/1031
2016-01-15,_subject,,Y2016/1032
2016-01-14,_subject,,Y2016/1033
2016-01-10,_subject,"US, MA, Haverhill",Y2016/1034
2016-01-13,_subject,"US, NE, Columbus",Y2016/1035
2016-01-01,_subject,"US, FL, Largo",Y2016/1036
2016-01-18,_subject,"US, NC, Hickory",Y2016/1037
2016-01-17,_subject,,Y2016/1038
2016-01-19,_subject,,Y2016/1039
2016-01-20,_subject,"US, PA, Quakertown",Y2016/1040
2016-01-19,_subject,,Y2016/1041
2016-01-19,_subject,"US, CA, Sacramento",Y2016/1042
2016-01-21,_subject,"US, WI, Oshkosh",Y2016/1043
2016-01-20,_subject,,Y2016/1044
2016-01-14,_subject,,Y2016/1045
2016-01-10,_subject,,Y2016/1046
2016-01-06,_subject,,Y2016/1047
2016-01-16,_subject,"US, FL, Jacksonville",Y2016/1048
2016-01-24,_subject,"DO, ,",Y2016/1049
2016-01-24,_subject,"US, CA, Brentwood",Y2016/1050
2016-01-25,_subject,,Y2016/1051
2016-01-23,_subject,"US, TX, Abilene",Y2016/1052
2016-01-26,_subject,,Y2016/1053
2016-01-28,_subject,,Y2016/1054
2016-01-27,_subject,,Y2016/1055
2016-01-22,_subject,"US, NY, Batavia",Y2016/1056
2016-01-25,_subject,"US, IL, Bloomington",Y2016/1057
2016-01-27,_subject,"US, MD, Cumberland",Y2016/1058
2016-01-30,_subject,"DO, ,",Y2016/1059
2016-01-29,_subject,"US, OK, Tulsa",Y2016/1060
2016,_subject,"US, CA, Roseville",Y2016/1061
2016-01-25,_subject,,Y2016/1062
2016-01-30,_subject,"US, TN, Germantown",Y2016/1063
2016-02-01,_subject,,Y2016/1064
2016-02-01,_subject,,Y2016/1065
2016-02-03,_subject,,Y2016/1066
2016-01-29,_subject,,Y2016/1067
2016-02-03,_subject,"US, TN, Johnson City",Y2016/1068
2016-02-03,_subject,"US, GA, Valdosta",Y2016/1069
2016-01-26,_subject,,Y2016/1070
2016-02-02,_subject,"US, IL, Galena",Y2016/1071
2016-02-04,_subject,"US, NM, Ruidoso",Y2016/1072
2016,_subject,,Y2016/1073
2016-02-06,_subject,,Y2016/1074
2016-02-03,_subject,,Y2016/1075
2016-02-09,_subject,,Y2016/1076
2016-02-09,_subject,"US, AL, Mobile",Y2016/1077
2016-02-05,_subject,"US, TX, El Paso",Y2016/1078
2016-02-10,_subject,"US, WI, Green Bay",Y2016/1079
2016-02-12,_subject,,Y2016/1080
2016-02-08,_subject,,Y2016/1081
2016-02-08,_subject,"US, NC, Raleigh",Y2016/1082
2016-02-13,_subject,"US, GA, Columbus",Y2016/1083
2016-01-10,_subject,,Y2016/1084
2016-02-11,_subject,,Y2016/1085
2016-02-10,_subject,,Y2016/1086
2016-02-10,_subject,"US, SD, Ward",Y2016/1087
2016-02-02,jim,,Y2016/1088
2016-02-11,_subject,"MX, Coahuila, Nueva Rosita",Y2016/1089
2016-02-13,_subject,"US, MS, Ocean Springs",Y2016/1090
2016-02-14,_subject,,Y2016/1091
2016-02-15,_subject,"US, PA, Lower Burrell",Y2016/1092
2016-02-11,_subject,"US, TX, Austin",Y2016/1093
2016-02-15,_subject,,Y2016/1094
2016-02-15,_subject,"US, MA, Burlington",Y2016/1095
2016-02-17,_subject,"US, AZ, Scottsdale",Y2016/1096
2016-02-19,_subject,,Y2016/1097
2016-02-16,_subject,"US, CA, Napa",Y2016/1098
2016-02-16,_subject,,Y2016/1099
2016-02-19,_subject,"US, VA, Mechanicsville",Y2016/1100
2016-02-12,_subject,"US, NH, Nashua",Y2016/1101
2016-02-17,_subject,,Y2016/1102
2016-02-12,_subject,"US, NE, Omaha",Y2016/1103
2016-02-16,_subject,"US, PA, Hollidaysburg",Y2016/1104
2016-02-18,_subject,"US, CA, Redwood City",Y2016/1105
2016-02-21,_subject,"US, NJ, Edison",Y2016/1106
2016-02-22,_subject,"US, OH, Newark",Y2016/1107
2016-02-21,_subject,"US, IL, Kankakee",Y2016/1108
2016-02-19,_subject,"US, CA, Santa Cruz",Y2016/1109
2016-02-18,_subject,"US, CA, Pomona",Y2016/1110
2016-02-21,_subject,"US, TN, Arrington",Y2016/1111
2016-02-21,_subject,"US, IL, Riverside",Y2016/1112
2016-02-12,_subject,,Y2016/1113
2016-02-22,_subject,"US, FL, Avon Park",Y2016/1114
2016-02-23,_subject,"US, PA, Lebanon",Y2016/1115
2016-02-23,_subject,"US, CA, San Francisco",Y2016/1116
2016-02-16,_subject,"US, OR, Keizer",Y2016/1117
2016-02-23,_subject,,Y2016/1118
2016-02-28,_subject,"US, PA, Bethlehem",Y2016/1119
2016-02-17,_subject,"US, IN, West Terre Haute",Y2016/1120
2016-02-20,_subject,"US, FL, Naples",Y2016/1121
2016-02-23,_subject,,Y2016/1122
2016-02-15,_subject,,Y2016/1123
2016-02-11,_subject,,Y2016/1124
2016-02-28,_subject,"US, NC, Charlotte",Y2016/1125
2016-02-26,_subject,"US, FL, Boca Raton",Y2016/1126
2016-02-25,_subject,"US, WI, Marshfield",Y2016/1127
2016-02-28,_subject,,Y2016/1128
2016-03-01,_subject,,Y2016/1129
2016-02-28,_subject,"US, GA, Moultrie",Y2016/1130
2016-02-27,_subject,"US, ID, Nampa",Y2016/1131
2016-02-20,_subject,,Y2016/1132
2016-02-28,_subject,"US, MA, Methuen",Y2016/1133
2016-02-27,_subject,,Y2016/1134
2016-03-07,_subject,"US, NY, Johnson City",Y2016/1135
2016-03-02,_subject,"US, OH, East Canton",Y2016/1136
2016-03-06,_subject,"US, IL, Glen Carbon",Y2016/1137
2016-03-07,_subject,"US, MS, Tupelo",Y2016/1138
2016-03-07,_subject,,Y2016/1139
2016-02-14,_subject,,Y2016/1140
2016-03-10,_subject,,Y2016/1141
2016-03-12,_subject,,Y2016/1142
2016-03-04,_subject,,Y2016/1143
2016-02-29,_subject,"US, OR, Albany",Y2016/1144
2016-03-02,_subject,"US, AZ, Phoenix",Y2016/1145
2016-03-12,_subject,,Y2016/1146
2016-03-15,_subject,,Y2016/1147
2016-03-12,_subject,"US, NC, New Bern",Y2016/1148
2016-03-14,_subject,,Y2016/1149
2016-03-15,_subject,,Y2016/1150
2016-03-04,_subject,,Y2016/1151
2016,richard,,Y2016/1152
2016-03-17,_subject,,Y2016/1153
2016-03-18,_subject,"US, VA, Staunton",Y2016/1154
2016-03-17,_subject,,Y2016/1155
2016-03-19,_subject,,Y2016/1156
2016-03-16,_subject,"US, LA, Gonzales",Y2016/1157
2016-03-17,_subject,"CA, NS, Amherst",Y2016/1158
2016-03-21,_subject,,Y2016/1159
2016-03-18,_subject,,Y2016/1160
2016-03-19,_subject,,Y2016/1161
2016-03-22,_subject,"US, NY, Schenectady",Y2016/1162
2016-03-26,_subject,"US, PA, Nazareth",Y2016/1163
2016-03-19,_subject,"US, CA, San Mateo",Y2016/1164
2016-03-23,_subject,,Y2016/1165
2016-03-23,_subject,"US, WI, Madison",Y2016/1166
2016-03-26,_subject,"US, KY, Louisville",Y2016/1167
2016-03-26,_subject,"US, ME, Auburn",Y2016/1168
2016-03-26,_subject,,Y2016/1169
2016-03-21,_subject,,Y2016/1170
2016-03-07,_subject,"US, TX, Corpus Christi",Y2016/1171
2016-03-13,_subject,"AU, ,",Y2016/1172
2016-03-29,_subject,,Y2016/1173
2016-03-29,_subject,"US, VA, Newport News",Y2016/1174
2016-03-29,_subject,"US, TX, Trent",Y2016/1175
2016-03-27,_subject,"US, NH, Westmoreland",Y2016/1176
2016-03-31,_subject,"US, NC, Durham",Y2016/1177
2016-03-27,_subject,,Y2016/1178
2016-03-30,_subject,"US, TX, Waco",Y2016/1179
2016-03-20,_subject,"US, NY, Albany",Y2016/1180
2016-03-30,_subject,"US, WI, Hayward",Y2016/1181
2016-03-31,_subject,,Y2016/1182
2016-04-03,_subject,,Y2016/1183
2016-03-29,_subject,"US, NJ, Vineland",Y2016/1184
2016-04-05,_subject,"US, OH, Fremont",Y2016/1185
2016-04-05,_subject,"US, MA, Leominster",Y2016/1186
2016-03-20,_subject,"VE, Aragua, Maracay",Y2016/1187
2016-03,_subject,"MX, Veracruz, Tuxpan",Y2016/1188
2016-04-05,_subject,,Y2016/1189
2016-04-02,_subject,"US, CA, West Hills",Y2016/1190
2016-04-04,_subject,"US, CT, Cos Cob",Y2016/1191
2016-03-30,_subject,"US, CA, Menifee",Y2016/1192
2016-04-06,_subject,,Y2016/1193
2016-04-04,_subject,"US, OH, Warren",Y2016/1194
2016-04-08,_subject,,Y2016/1195
2016-04-09,_subject,,Y2016/1196
2016-04-07,_subject,,Y2016/1197
2016-04-14,_subject,,Y2016/1198
2016-04-14,_subject,"US, IL, Crest Hill",Y2016/1199
2016-04-08,_subject,"US, FL, Satellite Beach",Y2016/1200
2016-04-12,_subject,"US, IL, Freeport",Y2016/1201
2016-04-13,_subject,"US, PA, Zelienople",Y2016/1202
2016-04-11,_subject,"US, MA, Medway",Y2016/1203
2016-04-09,_subject,"US, NY, Plattsburgh",Y2016/1204
2016-03-19,_subject,,Y2016/1205
2016-04-14,_subject,,Y2016/1206
2016-04-18,_subject,,Y2016/1207
2016-04-18,_subject,,Y2016/1208
2016-04-14,_subject,,Y2016/1209
2016-04-19,_subject,,Y2016/1210
2016-03-29,_subject,,Y2016/1211
2016-04-06,_subject,"US, NV, Black Springs",Y2016/1212
2016-04-19,_subject,,Y2016/1213
2016-04-17,_subject,"US, OR, Portland",Y2016/1214
2016-04-03,_subject,"US, FL, Edgewater",Y2016/1215
2016-03-09,_subject,"US, TX, Austin",Y2016/1216
2016-03-17,_subject,"US, CA, Poway",Y2016/1217
2016-03-18,_subject,"US, OH, Warren",Y2016/1218
2016-04-20,_subject,,Y2016/1219
2016-04-24,_subject,"US, PA, Macungie",Y2016/1220
2016-04-21,_subject,,Y2016/1221
2016-04-25,_subject,"US, AZ,",Y2016/1222
2016-04-20,_subject,"US, FL, Lecanto",Y2016/1223
2016-04-26,_subject,"US, VA, Hopewell",Y2016/1224
2016-04-29,_subject,,Y2016/1225
2016-04-18,_subject,"US, FL, Ocala",Y2016/1226
2016-04-25,_subject,"US, NC, Liberty",Y2016/1227
2016-04-28,_subject,"US, WI, Oshkosh",Y2016/1228
2016,_subject,,Y2016/1229
2016-04-21,_subject,"MX, Sinaloa, Navolato",Y2016/1230
2016-04-25,_subject,"US, MO, Joplin",Y2016/1231
2016-04-28,_subject,"US, MD, Randallstown",Y2016/1232
2016-04-26,_subject,"US, GA, Savannah",Y2016/1233
2016-04-27,_subject,"US, FL, Hollywood",Y2016/1234
2016-04-30,_subject,"US, PA, Philadelphia",Y2016/1235
2016-05-02,_subject,,Y2016/1236
2016-04-23,_subject,,Y2016/1237
2016-05-05,_subject,"US, IL, Centralia",Y2016/1238
2016-05-04,_subject,"US, OH, Perrysburg",Y2016/1239
2016-05-02,_subject,,Y2016/1240
2016-05-04,_subject,"US, KY, Louisville",Y2016/1241
2016-04-19,_subject,"US, CA, Folsom",Y2016/1242
2016-04-30,_subject,"US, AR, Springdale",Y2016/1243
2016-05-07,_subject,,Y2016/1244
2016-05-08,_subject,,Y2016/1245
2016-05-06,_subject,"US, OH, Greenville",Y2016/1246
2016-05-10,_subject,,Y2016/1247
2016-05-11,_subject,,Y2016/1248
2016-05-11,_subject,"US, LA, Mandeville",Y2016/1249
2016-05-08,_subject,,Y2016/1250
2016-05-08,_subject,,Y2016/1251
2016-05-11,_subject,"US, ME, Yarmouth",Y2016/1252
2016-05-05,_subject,,Y2016/1253
2016,_subject,,Y2016/1254
2016-05-11,_subject,,Y2016/1255
2016-05-13,_subject,"US, FL, Temple Terrace",Y2016/1256
2016-01-10,_subject,,Y2016/1257
2016-05-05,_subject,"US, NY, Scotia",Y2016/1258
2016-05-08,_subject,,Y2016/1259
2016-05-13,_subject,"US, CT, Jewett City",Y2016/1260
2016-05-04,_subject,,Y2016/1261
2016-04-14,_subject,"US, CA, San Francisco",Y2016/1262
2016-05-15,_subject,,Y2016/1263
2016-05-17,_subject,,Y2016/1264
2016-05-15,_subject,,Y2016/1265
2016-05-13,_subject,,Y2016/1266
2016-05-18,_subject,,Y2016/1267
2016-05-09,_subject,,Y2016/1268
2016-04-22,_subject,"MX, Coahuila, Saltillo",Y2016/1269
2016-04-15,_subject,,Y2016/1270
2016-05-19,_subject,"US, CA, Acampo",Y2016/1271
2016-04-04,_subject,,Y2016/1272
2016-05-17,_subject,"US, MN, Dassel",Y2016/1273
2016-05-12,_subject,"US, PA, Mount Joy",Y2016/1274
2016-05-17,_subject,,Y2016/1275
2016-05-15,_subject,,Y2016/1276
2016-05-25,_subject,,Y2016/1277
2016-05-23,_subject,"DO, Maria Trinidad Sanchez, Rio San Juan",Y2016/1278
2016-05-26,_subject,"US, IL, Woodstock",Y2016/1279
2016-05-27,_subject,"US, TX, Fort Worth",Y2016/1280
2016-05-26,_subject,"US, MD, Baltimore",Y2016/1281
2016-05-29,_subject,"US, PA, Monongahela",Y2016/1282
2016-05-25,_subject,"US, WA, Tacoma",Y2016/1283
2016-05-26,_subject,"US, MN, Jordan",Y2016/1284
2016-05-28,_subject,,Y2016/1285
2016-05-14,_subject,"US, CO, Denver",Y2016/1286
2016-05-31,_subject,"US, NJ, Fanwood",Y2016/1287
2016-06-02,_subject,,Y2016/1288
2016-06-02,_subject,"US, TN, Manchester",Y2016/1289
2016-05-29,_subject,"US, NV, Reno",Y2016/1290
2016-05-30,_subject,"US, OK, Tulsa",Y2016/1291
2016-05-03,_subject,"US, HI, Hilo",Y2016/1292
2016,_subject,,Y2016/1293
2016-05-24,_subject,"US, IL, Decatur",Y2016/1294
2016-05-22,_subject,,Y2016/1295
2016-05-21,_subject,"US, WI, Whitehall",Y2016/1296
2016-06-06,_subject,,Y2016/1297
2016-06-06,_subject,"US, MA, Westminster",Y2016/1298
2016-06-04,_subject,,Y2016/1299
2016-06-06,_subject,,Y2016/1300
2016-06-05,_subject,,Y2016/1301
2016-06-07,_subject,"VE, Vargas,",Y2016/1302
2016-06-05,_subject,,Y2016/1303
2016-06-11,_subject,,Y2016/1304
2016-06-10,_subject,"US, NJ, Wyckoff",Y2016/1305
2016-06-11,_subject,"US, MA, Worcester",Y2016/1306
2016-06-08,_subject,"US, IN, Michigan City",Y2016/1307
2016-06-11,_subject,"US, OH, Pataskala",Y2016/1308
2016-06-11,_subject,"US, FL, Sunrise",Y2016/1309
2016-06-10,_subject,"US, NC, Wilmington",Y2016/1310
2016-06-11,_subject,,Y2016/1311
2016-06-15,_subject,"US, NC, Dobson",Y2016/1312
2016-06-13,_subject,,Y2016/1313
2016-06-17,_subject,"US, PA, Latrobe",Y2016/1314
2016-06-01,_subject,,Y2016/1315
2016-06-18,_subject,,Y2016/1316
2016-06-16,_subject,,Y2016/1317
2016-06-16,_subject,,Y2016/1318
2016-06-15,_subject,,Y2016/1319
2016-06-15,_subject,"US, NY, New York",Y2016/1320
2016-06-12,_subject,,Y2016/1321
2016-06-21,_subject,,Y2016/1322
2016-06-14,_subject,"US, PA, Pittsburgh",Y2016/1323
2016-06-16,_subject,,Y2016/1324
2016-06-12,_subject,"US, TX, Houston",Y2016/1325
2016-06-21,_subject,"US, NH, Bedford",Y2016/1326
2016-06-09,_subject,"US, MS, Natchez",Y2016/1327
2016-06-19,_subject,,Y2016/1328
2016-06-08,_subject,,Y2016/1329
2016-06-24,_subject,"US, IL, Peoria",Y2016/1330
2016-06-14,_subject,"US, IL, Columbia",Y2016/1331
2016-06-25,_subject,"US, TN, Jackson",Y2016/1332
2016-06-25,_subject,,Y2016/1333
2016-06-21,_subject,"US, TX, Schertz",Y2016/1334
2016-06-29,_subject,"US, GA, Warm Springs",Y2016/1335
2016-06-21,_subject,,Y2016/1336
2016-06-27,_subject,"US, DE, Dover",Y2016/1337
2016-06-29,_subject,,Y2016/1338
2016-07-01,_subject,"US, GA, Augusta",Y2016/1339
2016-06-27,_subject,,Y2016/1340
2016-06-07,_subject,"US, CA, Banning",Y2016/1341
2016-07-03,_subject,"US, NC, Winston-Salem",Y2016/1342
2016-06-04,_subject,"US, FL, Land O Lakes",Y2016/1343
2016-07-06,_subject,,Y2016/1344
2016-07-06,_subject,"US, IL, Elgin",Y2016/1345
2016-06-28,_subject,"US, NM, Santa Fe",Y2016/1346
2016-06-27,_subject,,Y2016/1347
2016-07-09,_subject,,Y2016/1348
2016-07-04,_subject,"US, PA, Monroeville",Y2016/1349
2016-07-10,_subject,"US, NY, Watertown",Y2016/1350
2016-07-11,_subject,"US, CT, Naugatuck",Y2016/1351
2016-07-11,_subject,,Y2016/1352
2016-07-09,_subject,,Y2016/1353
2016-07-09,_subject,,Y2016/1354
2016-02-24,_subject,,Y2016/1355
2016-02-19,_subject,,Y2016/1356
2016-02-09,_subject,"JP, Aichi, Nagoya",Y2016/1357
2016-03-27,_subject,"JP, Honshu, Osaka",Y2016/1358
2016-04-22,_subject,,Y2016/1359
2016-07-13,_subject,,Y2016/1360
2016-07-13,_subject,"US, MS, Hattiesburg",Y2016/1361
2016-06-21,_subject,,Y2016/1362
2016-07-09,_subject,"US, NY, Valley Stream",Y2016/1363
2016-07-14,_subject,,Y2016/1364
2016-07-13,_subject,"US, LA, St. Francisville",Y2016/1365
2016-07-10,_subject,,Y2016/1366
2016-07-16,_subject,,Y2016/1367
2016-06-30,_subject,"US, IA, Iowa City",Y2016/1368
2016-07-13,_subject,"US, PA, Harrisburg",Y2016/1369
2016-07-15,_subject,"US, IN, Michigan City",Y2016/1370
2016-07-14,_subject,"US, NM, Alamogordo",Y2016/1371
2016-07-19,_subject,,Y2016/1372
2016-07-19,_subject,"US, UT, Midvale",Y2016/1373
2016-07-19,_subject,,Y2016/1374
2016-07-20,_subject,"US, MA, Springfield",Y2016/1375
2016-05-30,_subject,"US, PA, Cabot",Y2016/1377
2015-11-13,_subject,"US, PA, Everett",Y2016/1378
2016-05-29,_subject,"US, VA, Wise",Y2016/1379
2015,_subject,,Y2016/1380
2016-07-08,_subject,,Y2016/1381
2016-07-24,_subject,"US, FL, Silver Springs",Y2016/1382
2016-07-27,_subject,"US, CA,",Y2016/1383
2016-07-09,_subject,,Y2016/1384
2016-07-31,_subject,"US, NC, Newton",Y2016/1385
2016,_subject,,Y2016/1386
2016-07-24,_subject,,Y2016/1387
2016-07-27,_subject,,Y2016/1388
2016-07-30,_subject,,Y2016/1389
2016-07-31,_subject,,Y2016/1390
2016-07-24,_subject,"US, WA, Poulsbo",Y2016/1391
2016-08-02,_subject,"US, PA, Reading",Y2016/1392
2016-08-02,_subject,"US, PA, Hershey",Y2016/1393
2016-07-31,_subject,"US, GA, East Point",Y2016/1394
2016-01-29,_subject,,Y2016/1395
2016-03-18,_subject,"US, MO, Springfield",Y2016/1396
2016-08-04,_subject,,Y2016/1397
2016-08-04,_subject,"US, ID, Moscow",Y2016/1398
2016-08-07,_subject,"US, MO, Carl Junction",Y2016/1399
2016-08-06,_subject,,Y2016/1400
2016-07-29,_subject,,Y2016/1401
2016-08-05,_subject,"US, NH, Manchester",Y2016/1402
2016-08-07,_subject,"US, VA, Lynchburg",Y2016/1403
2016-08-04,_subject,,Y2016/1404
2016-07-31,_subject,"US, MS, Meridian",Y2016/1405
2016-08-08,_subject,"US, MD, Salisbury",Y2016/1406
2016-08-03,_subject,"US, CA, San Diego",Y2016/1407
2016-08-11,_subject,,Y2016/1408
2016-08-12,_subject,,Y2016/1409
2016-08-11,_subject,,Y2016/1410
2016,_subject,"US, GA,",Y2016/1411
2016-08-02,_subject,"US, TN, Morristown",Y2016/1412
2016-08-15,_subject,"US, SC, Orangeburg",Y2016/1413
2016-08-14,_subject,,Y2016/1414
2016-08-14,_subject,,Y2016/1415
2016-08-14,_subject,"JP, Kanagawa Prefecture, Kawasaki",Y2016/1416
2016-08-14,_subject,,Y2016/1417
2016-08-14,_subject,,Y2016/1418
2016-08-16,_subject,,Y2016/1419
2016-08-13,_subject,,Y2016/1420
2016-08-19,_subject,,Y2016/1421
2016-08-09,_subject,"US, FL, Long Key",Y2016/1422
2016-08-14,_subject,"US, IL, Urbana",Y2016/1423
2016-08-19,_subject,"US, FL, Miami",Y2016/1424
2016-08-18,_subject,,Y2016/1425
2016-08-08,_subject,"US, TX, Grapevine",Y2016/1426
2016-08-22,_subject,"US, WI, Plymouth",Y2016/1427
2016-08-22,_subject,"US, CA, Monterey",Y2016/1428
2016-08-22,_subject,"US, PA, Scranton",Y2016/1429
2016-08-18,_subject,"US, FL, Sarasota",Y2016/1430
2016-08-24,_subject,"DO, Distrito Nacional, Santa Domingo",Y2016/1431
2016-08-12,_subject,,Y2016/1432
2016-08-23,_subject,,Y2016/1433
2016-08-24,_subject,"US, MI, Kalamazoo",Y2016/1434
2016,_subject,"US, FL, Ocala",Y2016/1435
2016-08-01,_subject,"US, FL, Ocala",Y2016/1436
2016-08-26,_subject,"US, PA, Elmhurst",Y2016/1437
2016-08-26,_subject,,Y2016/1438
2016-08-21,_subject,"US, NH, Sanbornville",Y2016/1439
2016-08-22,_subject,"US, FL, Naples",Y2016/1440
2016-08-24,_subject,"US, IA, Davenport",Y2016/1441
2016-08-28,_subject,"US, TN, Chattanooga",Y2016/1442
2016-08-26,_subject,"US, WI, Wausau",Y2016/1443
2016-07-25,_subject,"US, MA, Malden",Y2016/1444
2016-07-25,_subject,"US, MA, Malden",Y2016/1445
2016-08-28,_subject,"US, AR, Berryville",Y2016/1446
2016-08-26,_subject,"US, CA, San Rafael",Y2016/1447
2016-08-21,_subject,"US, WV, Huntington",Y2016/1448
2016-08-30,_subject,"US, PA, Danville",Y2016/1449
2016-08-01,_subject,,Y2016/1450
2016-07-12,_subject,"US, RI, Providence",Y2016/1451
2016-08-28,_subject,,Y2016/1452
2016-09-02,_subject,,Y2016/1453
2015-10-01,_subject,,Y2016/1454
2016-08-06,_subject,"US, OR, Redmond",Y2016/1455
2016-09-01,_subject,,Y2016/1456
2016-09-04,_subject,,Y2016/1457
2016-09-04,_subject,"US, MA, Boston",Y2016/1458
2016-09-03,_subject,,Y2016/1459
2015-10-29,_subject,,Y2016/1460
2016-09-04,_subject,,Y2016/1461
2016-09-07,_subject,"US, SC, Simpsonville",Y2016/1462
2016-08-31,_subject,,Y2016/1463
2016-09-10,_subject,,Y2016/1464
2016-09-04,_subject,,Y2016/1465
2016-08-30,_subject,,Y2016/1466
2016-09-10,_subject,,Y2016/1467
2016-09-10,charles,"US, GA, Augusta",Y2016/1468
2016-09-09,_subject,"US, FL, Bartow",Y2016/1469
2016-09-09,_subject,"US, WI, Appleton",Y2016/1470
2016-09-13,_subject,"US, NY, Jamestown",Y2016/1471
2016-09-11,domingo,"VE, Lara, Barquisimeto",Y2016/1472
2016-09-06,_subject,,Y2016/1473
2016-09-20,_subject,"US, VA, Arlington",Y2016/1474
2016-09-16,_subject,,Y2016/1475
2016-09-12,_subject,,Y2016/1476
2016-09-16,_subject,,Y2016/1477
2016-08-15,_subject,"US, CA, Visalia",Y2016/1478
2016-08-26,_subject,,Y2016/1479
2016-08-26,_subject,,Y2016/1480
2016-09-15,_subject,"US, KY, Paducah",Y2016/1481
2016-09-08,_subject,"US, AL, Leroy",Y2016/1482
2016-09-02,_subject,"US, CA, Salinas",Y2016/1483
2016-08-17,_subject,,Y2016/1484
2016-08-17,_subject,,Y2016/1485
2016-09-21,_subject,"US, CT, Norwich",Y2016/1486
2016-09-21,_subject,"US, NY, Rochester",Y2016/1487
2016-09-24,_subject,,Y2016/1488
2016-09-22,_subject,"US, NY, St. Johnsville",Y2016/1489
2016-09-17,_subject,,Y2016/1490
2016-09-21,_subject,"US, NY, Springs",Y2016/1491
2016-09-24,_subject,"US, NY, Syracuse",Y2016/1492
2016-09-26,_subject,"US, TX, Odessa",Y2016/1493
2016-09-27,_subject,,Y2016/1494
2016-09-19,_subject,,Y2016/1495
2016-09-26,_subject,,Y2016/1496
2016-09-28,_subject,"US, SD, Sioux Falls",Y2016/1497
2016-09-26,_subject,,Y2016/1498
2016-09-29,_subject,,Y2016/1499
2016-09-29,_subject,"US, SC, Florence",Y2016/1500
2016-09-23,_subject,"US, GA, Johns Creek",Y2016/1501
2016-09-30,_subject,,Y2016/1502
2016-06-17,_subject,"US, TX, Center",Y2016/1503
2016-10-02,_subject,"US, MS, Madison",Y2016/1504
2016-10-02,_subject,"US, MS, Madison",Y2016/1505
2016-10-03,_subject,"US, NC, Asheville",Y2016/1506
2016-10-08,_subject,"US, OH, Marion",Y2016/1507
2016-10-04,_subject,"US, TX, San Antonio",Y2016/1508
2016-08-11,_subject,"US, CA, Lemon Grove",Y2016/1509
2016-10-10,_subject,,Y2016/1510
2016-10-11,_subject,,Y2016/1511
2016-10-12,_subject,"US, PA, Canonsburg",Y2016/1512
2016-10-07,_subject,"US, CA, Visalia",Y2016/1513
2016-10-10,_subject,"US, KY, Louisville",Y2016/1514
2016-10-12,_subject,"US, VA, Chesapeake",Y2016/1515
2016-10-01,_subject,"US, CA, Santa Rosa",Y2016/1516
2016-10-12,_subject,,Y2016/1517
2016-10-08,_subject,"US, OH, Conneaut",Y2016/1518
2016-10-11,_subject,"US, IL, Gibson City",Y2016/1519
2016-10-10,_subject,"US, ID, Lewiston",Y2016/1520
2016-10-12,_subject,,Y2016/1521
2016-09-14,_subject,,Y2016/1522
2016-10-11,_subject,"MX, Yucatan, Motul",Y2016/1523
2016-10-17,_subject,,Y2016/1524
2016-09-29,_subject,,Y2016/1525
2016-10-19,_subject,,Y2016/1526
2016-10-20,_subject,"US, PA, West Reading",Y2016/1527
2016-10-18,_subject,"US, OH, Lorain",Y2016/1528
2016-10-13,_subject,"US, MA, Taunton",Y2016/1529
2016-10-16,_subject,,Y2016/1530
2016-10-17,_subject,,Y2016/1531
2016-10-23,_subject,,Y2016/1532
2016-10-21,_subject,,Y2016/1533
2016-10-25,_subject,"US, NC, Gastonia",Y2016/1534
2016-10-27,_subject,,Y2016/1535
2016-10-28,_subject,"US, OH, Canton",Y2016/1536
2016-10-21,_subject,"US, FL, North Palm Beach",Y2016/1537
2016-10-27,_subject,"US, PA, East Coventry Township",Y2016/1538
2016-10-26,_subject,"US, FL, Jacksonville",Y2016/1539
2016-10-26,_subject,,Y2016/1540
2016-10-21,_subject,"US, NY, Sackets Harbor",Y2016/1541
2016-10-25,_subject,"US, PA, Waynesboro",Y2016/1542
2016-10-29,_subject,"US, SC, Spartanburg",Y2016/1543
2016-10-30,_subject,,Y2016/1544
2016-08-29,_subject,"US, FL,",Y2016/1545
2016-09-05,_subject,,Y2016/1546
2016-10-28,_subject,"US, CA, San Diego",Y2016/1547
2016-10-31,_subject,,Y2016/1548
2016-11-01,_subject,"US, MA, New Bedford",Y2016/1549
2016-1101,_subject,"US, MO, Mexico",Y2016/1550
2016-11-02,_subject,"CA, PE, Charlottetown",Y2016/1551
2016-10-25,_subject,,Y2016/1552
2016-1102,_subject,"US, FL, Sunny Isles Beach",Y2016/1553
2016-1103,_subject,,Y2016/1554
2016-10-19,_subject,"US, CA, San Ramon",Y2016/1555
2016-11-02,_subject,"US, KY, Maysville",Y2016/1556
2016-10-22,_subject,"US, FL, Hudson",Y2016/1557
2016-11-02,_subject,"US, IN, Bedford",Y2016/1558
2016-11-04,_subject,"US, OK, Ringling",Y2016/1559
2016-11-06,_subject,"US, IL, Freeburg",Y2016/1560
2016-10-27,_subject,,Y2016/1561
2016-11-05,_subject,"US, KY, Bowling Green",Y2016/1562
2016-11-09,_subject,"US, GA, Tyrone",Y2016/1563
2016,_subject,,Y2016/1564
2016-11-08,_subject,"US, GA, Athens",Y2016/1565
2016-11-09,_subject,"US, NV, Las Vegas",Y2016/1566
2016-11-01,_subject,"US, CO, La Junta",Y2016/1567
2016-10-26,_subject,,Y2016/1568
2016-10-31,_subject,"UC, CT, West Hartford",Y2016/1569
2016-11-11,_subject,,Y2016/1570
2016-11-12,_subject,,Y2016/1571
2016-11-08,_subject,"US, NC, Mt. Pleasant",Y2016/1572
2016-11-06,_subject,"US, NC, High Point",Y2016/1573
2016-11-12,_subject,"US, TX, Boerne",Y2016/1574
2016-11-12,_subject,,Y2016/1575
2016-11-11,_subject,"US, OK, Oklahoma City",Y2016/1576
2016-11-13,_subject,"US, AR, Prescott",Y2016/1577
2016-11-15,_subject,,Y2016/1578
2016-11-15,_subject,,Y2016/1579
2016-11-14,_subject,,Y2016/1580
2016-11-16,_subject,,Y2016/1581
2016-11-17,_subject,,Y2016/1582
2016-11-19,_subject,"US, NJ, Hamilton Township",Y2016/1583
2016-10-14,_subject,,Y2016/1584
2016-11-23,_subject,"US, PA, Allegheny Township",Y2016/1585
2016-11-26,_subject,,Y2016/1586
2016-11-19,_subject,"US, AZ, Phoenix",Y2016/1587
2016-11-24,_subject,"US, MI, Jackson",Y2016/1588
2016-09-04,_subject,,Y2016/1589
2016-11-18,_subject,,Y2016/1590
2016-11-08,_subject,"US, WA, Vancouver",Y2016/1591
2016-11-20,_subject,,Y2016/1592
2016-11-24,_subject,"US, MS, Cleveland",Y2016/1593
2016-11-21,_subject,"US, OR, Salem",Y2016/1594
2016-11-27,_subject,"US, IL, St. Libory",Y2016/1595
2016-02-15,_subject,"US, CA, Long Beach",Y2016/1596
2016-11-28,_subject,"US, TN, Nashville",Y2016/1597
2016-11-19,_subject,,Y2016/1598
2016-11-27,_subject,,Y2016/1599
2016-11-26,_subject,"US, CT, Wallingford",Y2016/1600
2016-11-29,_subject,"US, NY, Albany",Y2016/1601
2016-11-29,_subject,,Y2016/1602
2016-12-04,_subject,"JP, Tokyo, Tokyo",Y2016/1603
2016-12-02,_subject,"US, NJ, East Brunswick",Y2016/1604
2016-12-01,_subject,,Y2016/1605
2016-11-28,_subject,,Y2016/1606
2016-10-31,_subject,,Y2016/1607
2016-10-31,_subject,,Y2016/1608
2016-12-03,_subject,"US, NY, Albany",Y2016/1609
2016-11-27,_subject,"US, PA, Gap",Y2016/1610
2016-09-17,_subject,"JP, Tokyo, Tokyo",Y2016/1611
2016-09-15,_subject,,Y2016/1612
2016-11-03,_subject,,Y2016/1613
2016-07-01,_subject,,Y2016/1614
2016-03-03,_subject,"US, MN, Waconia",Y2016/1615
2016-11-24,_subject,"US, FL, Fort Myers",Y2016/1616
2016-12-01,_subject,,Y2016/1617
2016-12-08,_subject,,Y2016/1618
2016-12-03,_subject,"US, OK, Midwest City",Y2016/1619
2016-11-25,_subject,"US, NC, Burlington",Y2016/1620
2016-12-04,_subject,,Y2016/1621
2016-12-08,_subject,,Y2016/1622
2016-12-10,_subject,"VE, Capital District, Caracas",Y2016/1623
2016-12-10,_subject,"US, OH, Sidney",Y2016/1624
2016-12-08,_subject,"US, PA, Harrisburg",Y2016/1625
2016-12-08,_subject,,Y2016/1626
2016-11-20,_subject,"US, MT, Belgrade",Y2016/1627
2016-12-07,_subject,"US, PA, New Britain",Y2016/1628
2016-12-10,_subject,"US, KY, Paducah",Y2016/1629
2016-11-30,_subject,,Y2016/1630
2016-12-04,_subject,"US, CT, Waterbury",Y2016/1631
2016-12-04,_subject,"US, NM, Albuquerque",Y2016/1632
2016-12-13,_subject,,Y2016/1633
2016-12-08,_subject,,Y2016/1634
2016-11-27,_subject,"VE, Carabobo, Guacara",Y2016/1635
2016-12-10,_subject,"US, MO Troy",Y2016/1636
2016-12-12,_subject,"US, GA, Statesboro",Y2016/1637
2016-12-13,_subject,"US, OH, Toledo",Y2016/1638
2016-12-14,_subject,"MX, Coahuila, Saltillo",Y2016/1639
2016-12-02,_subject,,Y2016/1640
2016-12-07,_subject,"US, VA, Charlottesville",Y2016/1641
2016-12-16,_subject,,Y2016/1642
2016-12-15,_subject,"US, NC, Kinston",Y2016/1643
2016-12-12,_subject,"US, CA, Yuba City",Y2016/1644
2016-12-15,_subject,,Y2016/1645
2016-12-17,_subject,,Y2016/1646
2016-12-17,_subject,"US, LA, Shreveport",Y2016/1647
2016-11-30,_subject,"US, TX, Bertram",Y2016/1648
2016-12-12,_subject,"US, MO, Joplin",Y2016/1649
2016-08-27,_subject,,Y2016/1650
2016-12-11,_subject,"JP, Shizuoka, Shizuoka",Y2016/1651
2016-12-06,_subject,"US, CO, Loveland",Y2016/1652
2016-12-20,_subject,,Y2016/1653
2016-12-20,_subject,"US, WI, Shawano",Y2016/1654
2016-12-19,_subject,,Y2016/1655
2016-12-13,_subject,,Y2016/1656
2016-12-16,_subject,"US, TX, Laredo",Y2016/1657
2016-12-16,_subject,,Y2016/1658
2016-12-24,_subject,"US, PA, West Reading",Y2016/1659
2016-12-23,_subject,,Y2016/1660
2016-12-20,_subject,,Y2016/1661
2016-12-25,_subject,"US, TN, Knoxville",Y2016/1662
2016-12-11,_subject,"US, AL, Tuscaloosa",Y2016/1663
2016-12-26,_subject,"US, NY, Utica",Y2016/1664
2016-12-23,_subject,"US, MD, Grantsville",Y2016/1665
2016-12-24,_subject,"US, AR, Little Rock",Y2016/1666
2016-12-23,_subject,"US, MD, Grantsville",Y2016/1667
2016-12-25,_subject,,Y2016/1668
2016-12-09,_subject,"US, NH, Warner",Y2016/1669
2016-12-18,_subject,"US, OH, Sandusky",Y2016/1670
2016-12-26,_subject,"US, IL, Carbondale",Y2016/1671
2016-12-26,_subject,"US, IL, Mascoutah",Y2016/1672
2016-12-19,_subject,"US, NC, Pfafftown",Y2016/1673
2016-12-27,_subject,,Y2016/1674
2016-12-15,_subject,"US, CO, Estes Park",Y2016/1675
2016-12-29,_subject,"US, VA, Bracey",Y2016/1676
2016,_subject,,Y2016/1677
2016-12-28,_subject,,Y2016/1678
2016-12-30,_subject,"US, CA, Felton",Y2016/1679
2016-12-24,_subject,,Y2016/1680
2016-12-28,_subject,,Y2016/1681
2016-10-21,_subject,,Y2016/1682
2016-03-21,_subject,,Y2016/1683
2017-01-02,_subject,,Y2017/1001
2017-01-01,_subject,"US, TX, Lubbock",Y2017/1002
2017-01-03,_subject,"CA, ON, Hamilton",Y2017/1003
2017-01-04,_subject,,Y2017/1004
2017-01-06,_subject,"AU, NSW, Sydney",Y2017/1005
2017-01-01,_subject,"US, OH, Newton Falls",Y2017/1006
2017-01-06,_subject,,Y2017/1007
2017-01-06,_subject,"US, MO, St. Louis",Y2017/1008
2017-01-07,_subject,"US, NC, Shelby",Y2017/1009
2017-01-04,_subject,"US, PA, Chambersburg",Y2017/1010
2017-01-06,_subject,,Y2017/1011
2017-01-05,_subject,"US, NC, Pineville",Y2017/1012
2017-01-09,_subject,,Y2017/1013
2017-01-07,_subject,"US, VA, Midlothian",Y2017/1014
2017-01-06,_subject,"US, NC, Burlington",Y2017/1015
2017-01-10,_subject,"US, IL, Quincy",Y2017/1016
2017-01-09,_subject,,Y2017/1017
2017-01-12,_subject,"US, PA, West Deer Township",Y2017/1018
2017-01-12,_subject,"US, NC, Harrisburg",Y2017/1019
2017-01-14,_subject,"US, MN, St. Cloud",Y2017/1020
2017-01-08,_subject,,Y2017/1021
2017-01-10,_subject,"US, WI, Rice Lake",Y2017/1022
2017-01-02,_subject,,Y2017/1023
2017-01-18,_subject,,Y2017/1024
2017-01-18,_subject,"US, CA, Long Beach",Y2017/1025
2017-01-16,_subject,,Y2017/1026
2017-01-19,_subject,"US, NY, Tonawanda",Y2017/1027
2017-01-17,_subject,,Y2017/1028
2017-01-18,_subject,,Y2017/1029
2017-01-21,_subject,"US, NC, Hickory",Y2017/1030
2017-01-21,_subject,"US, OH, Cadiz",Y2017/1031
2017-01-18,_subject,"US, PA, Kittanning",Y2017/1032
2017-01-17,_subject,"US, AL, Birmingham",Y2017/1033
2017-01-17,_subject,,Y2017/1034
2017-01-14,_subject,"US, PA, Doylestown",Y2017/1035
2017-01-21,_subject,,Y2017/1036
2017-01-22,_subject,"DO, ,",Y2017/1037
2016-01-22,_subject,"DO, Monsenor Nouel, Juan Adrian",Y2017/1038
2017-01-08,_subject,,Y2017/1039
2017-01-21,_subject,,Y2017/1040
2017-01-15,_subject,,Y2017/1041
2017-01-20,_subject,"US, CT, Milford",Y2017/1042
2017-01-24,_subject,"US, NC, Lexington",Y2017/1043
2017-01-24,_subject,"US, IL, Vandalia",Y2017/1044
2017-01-18,_subject,,Y2017/1045
2017-01-22,_subject,"US, NJ, Toms River",Y2017/1046
2017-01-18,_subject,"US, CA, Long Beach",Y2017/1047
2017-01-27,_subject,"US, PA, Natrona Heights",Y2017/1048
2017-01-19,_subject,"US, NC, Greensboro",Y2017/1049
2017-01-24,_subject,,Y2017/1050
2017-01-23,_subject,,Y2017/1051
2017-01-27,_subject,"US, CA, San Jose",Y2017/1052
2017-01-24,_subject,,Y2017/1053
2017-01-30,_subject,,Y2017/1054
2017-02-01,_subject,"US, AR, Springdale",Y2017/1055
2017-01-17,_subject,"US, FL, Beverly Hills",Y2017/1056
2017-02-03,_subject,,Y2017/1057
2017-02-01,_subject,,Y2017/1058
2017-02-01,_subject,,Y2017/1059
2017-02-03,_subject,"US, MA, Stoneham",Y2017/1060
2017-02-02,_subject,,Y2017/1061
2017-02-01,_subject,"US, OH, Canton",Y2017/1062
2017-02-04,_subject,"US, PA, Conneautville",Y2017/1063
2017-02-03,_subject,,Y2017/1064
2017-01-28,_subject,,Y2017/1065
2017-02-03,_subject,,Y2017/1066
2017-01-31,_subject,"US, FL, South Pasadena",Y2017/1067
2017-02-02,_subject,,Y2017/1068
2017-02-05,_subject,"US, NC, Charlotte",Y2017/1069
2017-02-07,_subject,,Y2017/1070
2017-02-10,_subject,,Y2017/1071
2017-02-10,_subject,"US, MI, Detroit",Y2017/1072
2017-01-18,_subject,"US, TX, Temple",Y2017/1073
2017-02-08,_subject,,Y2017/1074
2017-02-08,_subject,,Y2017/1075
2017-02-09,_subject,,Y2017/1076
2017-02-13,_subject,"US, PA, Scottdale",Y2017/1077
2017-02-15,_subject,,Y2017/1078
2017-02-12,_subject,,Y2017/1079
2017-02-11,_subject,,Y2017/1080
2017-02-02,_subject,"US, FL, Boynton Beach",Y2017/1081
2017-02-14,_subject,"US, FL, Celebration",Y2017/1082
2017-02-17,_subject,"US, WI, La Crosse",Y2017/1083
2017-02-18,_subject,,Y2017/1084
2017-02-01,_subject,,Y2017/1085
2017-02-17,_subject,,Y2017/1086
2017-02-18,_subject,"US, KY, Erlanger",Y2017/1087
2017-02-19,_subject,"US, VA, Harrisonburg",Y2017/1088
2017-02-17,_subject,"US, OH, Lorain",Y2017/1089
2017-02-19,_subject,"US, FL, Englewood",Y2017/1090
2017-01-30,_subject,,Y2017/1091
2017-01-27,_subject,"US, OH, Findlay",Y2017/1092
2017-02-03,_subject,"US, AZ, Flagstaff",Y2017/1093
2017-01-12,_subject,,Y2017/1094
2017-02-16,_subject,,Y2017/1095
2017,_subject,"US, CA, Rancho Mirage",Y2017/1096
2017-02-24,_subject,"US, MS, Centreville",Y2017/1097
2017-02-26,_subject,"US, OH, Bryan",Y2017/1098
2017-02-26,_subject,"US, CA, Livingston",Y2017/1099
2017-02-26,_subject,,Y2017/1100
2017-02-28,_subject,"US, VA, Norfolk",Y2017/1101
2017-02-23,_subject,,Y2017/1102
2017-02-28,_subject,"US, MA, Hudson",Y2017/1103
2017-02-28,_subject,,Y2017/1104
2017-02-28,_subject,"US, LA, New Orleans",Y2017/1105
2017-02-16,_subject,,Y2017/1106
2017-03-02,_subject,"US, TX, Denison",Y2017/1107
2017-03-02,_subject,,Y2017/1108
2017-02-12,_subject,"US, SC, Myrtle Beach",Y2017/1109
2017-03-01,_subject,,Y2017/1110
2017-02-26,_subject,"US, AZ, Litchfield Park",Y2017/1111
2017-03-04,_subject,,Y2017/1112
2017-03-03,_subject,"US, IL, Galesburg",Y2017/1113
2017-03-04,_subject,"US, WI, Hayward",Y2017/1114
2017-03-06,_subject,,Y2017/1115
2017-02-28,_subject,,Y2017/1116
2017-03-04,_subject,,Y2017/1117
2017-03-09,_subject,"US, FL, Orlando",Y2017/1118
2017-03-09,_subject,"US, NY, Syracuse",Y2017/1119
2017-03-08,_subject,"US, OH, Holland",Y2017/1120
2017-03-09,_subject,"US, TN, Chattanooga",Y2017/1121
2017-03-05,_subject,"US, NC, Goldsboro",Y2017/1122
2017-03-09,_subject,"US, MA, Milford",Y2017/1123
2017-03-08,_subject,"US, PA, East Norriton",Y2017/1124
2017-03-06,_subject,,Y2017/1125
2017-02-01,_subject,"US, NY, Rochester",Y2017/1126
2017-02-14,_subject,,Y2017/1127
2017-02-07,_subject,"US, MO, Republic",Y2017/1128
2017-03-10,_subject,,Y2017/1129
2017-03-10,_subject,,Y2017/1130
2017-03-12,_subject,,Y2017/1131
2017-02-22,_subject,"US, CA, Camarillo",Y2017/1132
2017-03-15,_subject,,Y2017/1133
2017-03-12,_subject,"US, CA, Walnut Creek",Y2017/1134
2017-03-06,_subject,"US, CA, Costa Mesa",Y2017/1135
2017-03-14,_subject,,Y2017/1136
2017-03-14,_subject,,Y2017/1137
2017-03-14,_subject,,Y2017/1138
2017-03-15,_subject,"US, MD, Bishopville",Y2017/1139
2017-03-15,_subject,,Y2017/1140
2017-03-14,_subject,"US, IL, Peoria",Y2017/1141
2017-03-07,_subject,,Y2017/1142
2017-03-15,_subject,"US, AL, Auburn",Y2017/1143
2017-03-09,_subject,"US, OK, Hulbert",Y2017/1144
2017-03-10,_subject,"US, ND, Grafton",Y2017/1145
2017-02-27,_subject,"US, WY, Casper",Y2017/1146
2017-02-13,_subject,,Y2017/1147
2017-02-20,_subject,,Y2017/1148
2017-02-25,_subject,"US, MO, Thayer",Y2017/1149
2017-03-14,_subject,,Y2017/1150
2016-09-16,_subject,"US, OK, Ada",Y2017/1151
2017-03-18,_subject,,Y2017/1152
2017-03-19,_subject,"US, KS, Lawrence",Y2017/1153
2017-03-17,_subject,"US, NY, Huntington",Y2017/1154
2017-03-21,_subject,"US, TX, Odessa",Y2017/1155
2017-03-22,_subject,"US, PA, Philadelphia",Y2017/1156
2017-03-22,_subject,,Y2017/1157
2017-03-23,_subject,,Y2017/1158
2017-03-15,_subject,"US, AZ, Phoenix",Y2017/1159
2017-03-14,_subject,"US, CA, Santa Rosa",Y2017/1160
2017-03-24,_subject,"US, SD, Freeman",Y2017/1161
2017-03-21,_subject,"US, NJ, Mansfield Township",Y2017/1162
2017-03-21,_subject,,Y2017/1163
2017-01-15,_subject,"US, NY, Melville",Y2017/1164
2017-01-15,_subject,,Y2017/1165
2017-03-27,_subject,,Y2017/1166
2017-03-26,_subject,,Y2017/1167
2017-03-18,_subject,,Y2017/1168
2017-03-28,_subject,"US, PA, Lebanon",Y2017/1169
2017-03-26,_subject,"US, LA, Shreveport",Y2017/1170
2017-03-26,_subject,,Y2017/1171
2017,_subject,,Y2017/1172
2017-03-30,_subject,,Y2017/1173
2017-03-29,_subject,,Y2017/1174
2017-03-29,_subject,"US, MS, Hattiesburg",Y2017/1175
2017-03-29,_subject,,Y2017/1176
2017-03-31,_subject,"US, WI, Woodville",Y2017/1177
2017-03-25,_subject,,Y2017/1178
2017-03-29,_subject,,Y2017/1179
2017-04,_subject,,Y2017/1180
2017-04-02,_subject,"US, TX, Blum",Y2017/1181
2017-03-31,_subject,"US, OH, Sylvania",Y2017/1182
2017-03-29,_subject,"US, FL, Naples",Y2017/1183
2017-03-27,_subject,,Y2017/1184
2017-03-31,_subject,"US, FL, Weston",Y2017/1185
2017-04-04,_subject,"US, NC, Kinston",Y2017/1186
2017-04-01,_subject,"US, MD, Ocean City",Y2017/1187
2017-04-04,_subject,,Y2017/1188
2017-04-09,_subject,,Y2017/1189
2017-04-02,_subject,"US, NY, Jamestown",Y2017/1190
2017-04-06,_subject,"US, NE, Blair",Y2017/1191
2017-04-08,_subject,,Y2017/1192
2017-04-08,_subject,"US, NJ, Wall",Y2017/1193
2017-04-08,_subject,"US, LA, Doyline",Y2017/1194
2017-04-08,_subject,"US, PA, Laureldale",Y2017/1195
2017-04-07,_subject,,Y2017/1196
2017-04-06,_subject,"US, NC, Raleigh",Y2017/1197
2017-04-11,_subject,,Y2017/1198
2017-04-13,_subject,"US, MD, Hagerstown",Y2017/1199
2017-04-10,_subject,,Y2017/1200
2017-04-16,_subject,,Y2017/1201
2017-03-22,_subject,"US, GA, Duluth",Y2017/1202
2017-03-31,_subject,,Y2017/1203
2017-04-16,_subject,"US, TX, Dallas",Y2017/1204
2017-04-03,_subject,,Y2017/1205
2017-04-16,_subject,,Y2017/1206
2017-04-17,_subject,,Y2017/1207
2017-04-19,_subject,"US, GA, Augusta",Y2017/1208
2017-04-10,_subject,,Y2017/1209
2017-04-18,_subject,,Y2017/1210
2017-04-19,_subject,,Y2017/1211
2017-03-14,_subject,"US, SC, Charleston",Y2017/1212
2017-04-19,_subject,,Y2017/1213
2017-04-21,_subject,,Y2017/1214
2017-04-18,_subject,"US, PA, Chambersburg",Y2017/1215
2017-04-18,_subject,"US, IL, Nashville",Y2017/1216
2017-04-23,_subject,"US, AL, Decatur",Y2017/1217
2017-04-23,_subject,"US, PA, Natrona Heights",Y2017/1218
2017-04-23,_subject,"US, VA, Bracey",Y2017/1219
